orderid,returndate,barcode,return_qty,reason
A202508050011,2025-08-09 10:22:57,A010300140302,1,外箱受壓變形，摺痕較為明顯
A202508170018,2025-08-20 23:18:35,A010200061002,1,腰圍量測值不符，實穿略緊
A202508080044,2025-08-17 05:05:40,A010300110703,2,買錯顏色
A202508190071,2025-08-25 15:41:02,A010400191004,3,材質蓬鬆度不足，落差較明顯
A202508030040,2025-08-11 20:22:08,A010400191003,3,想參與較晚開始的行銷活動
A202508180004,2025-08-23 03:27:26,A010300120203,1,拉鍊滑順度不足，穿脫不夠順暢
A202508180004,2025-08-20 03:27:26,A010200070404,1,尺寸過短
A202508180071,2025-08-20 13:53:58,A010300150302,3,內裡蓬度不足，正式感不足
A202508100048,2025-08-16 03:43:50,A010400200404,2,內裡配置偏薄，保暖性不如預期
A202508100048,2025-08-13 03:43:50,A010400200402,1,尺寸或顏色錯發，請協助處理
A202508150084,2025-08-17 11:04:52,A010300150503,2,設計比例與官圖不同，落差明顯
A202508150084,2025-08-23 11:04:52,A010400180102,1,釦子固定鬆動，需要更換處理
A202508110096,2025-08-13 22:02:47,A010300121002,3,版型不若官圖俐落，線條略鈍
A202508200087,2025-08-30 20:06:32,A010100030203,1,想參與較晚開始的行銷活動
A202508180076,2025-08-22 18:12:24,A010200070402,1,想參與較晚開始的行銷活動
A202508180076,2025-08-20 18:12:24,A010400200402,1,外箱受壓變形，摺痕較為明顯
A202508180076,2025-08-27 18:12:24,A010300121002,2,版型不適合
A202508160036,2025-08-26 11:15:21,A010100020404,1,衣長較長，紮衣輪廓與期待不同
A202508160036,2025-08-21 11:15:21,A010400191004,1,織目不均，近看細節較為明顯
A202508080052,2025-08-12 15:11:47,A010200070102,3,買錯尺寸
A202508080052,2025-08-14 15:11:47,A010200070402,1,拉鍊滑順度不足，需要更換處理
A202508080052,2025-08-12 15:11:47,A010300110904,3,內裡蓬度不足，輔形支撐略弱
A202508030023,2025-08-06 13:40:20,A010300140302,1,尺寸或顏色錯發，請協助處理
A202508140051,2025-08-22 06:38:47,A010400190602,2,袖口收邊不齊，做工細節影響感受
A202508060050,2025-08-08 20:12:29,A010100050704,1,肩寬與表格偏差，穿著不夠合身
A202508060050,2025-08-07 20:12:29,A010100030202,1,版型偏大，肩線位置偏高不合身
A202508060055,2025-08-12 07:12:35,A010100050902,3,釦子固定鬆動，需要更換處理
A202508030048,2025-08-12 03:51:34,A010300120202,1,配送延遲超過預期，需要更換處理
A202508030048,2025-08-06 03:51:34,A010400180104,2,顏色偏黃一階，與頁面示意不一致
A202508190045,2025-08-22 15:36:19,A010100010504,1,顏色較暗，與商品圖片落差較大
A202508200059,2025-08-26 21:13:27,A010200080603,1,釦子固定鬆動，需要更換處理
A202508170050,2025-08-26 08:49:30,A010100040304,1,衣長略短，搭配比例不如預期
A202508170050,2025-08-19 08:49:30,A010100020702,3,重複購買
A202508140041,2025-08-22 08:03:25,A010100020703,1,買錯顏色
A202508140041,2025-08-23 08:03:25,A010100020204,2,顏色偏黃一階，與頁面示意不一致
A202508110024,2025-08-15 15:37:56,A010200080704,1,顏色寄錯
A202508110024,2025-08-17 15:37:56,A010400171002,1,包裝緩衝不足，摺痕較為明顯
A202508110024,2025-08-15 15:37:56,A010200100903,1,想參與較晚開始的行銷活動
A202508190059,2025-08-28 20:28:22,A010100020203,1,肩寬與表格偏差，穿著略顯緊繃
A202508190059,2025-08-27 20:28:22,A010400170802,1,拉鍊滑順度一般，偶有頓點
A202508190059,2025-08-29 20:28:22,A010200100904,1,口袋深度不足，使用受限
A202508190059,2025-08-22 20:28:22,A010200070104,1,下單後發現沒輸入折扣碼
A202508120069,2025-08-15 15:29:30,A010400190603,2,包裝緩衝不足，摺痕較為明顯
A202508120069,2025-08-21 15:29:30,A010300130102,3,腰線位置偏高，身形比例不如預期
A202508030091,2025-08-05 10:18:46,A010100010104,1,重複購買
A202508110016,2025-08-17 19:17:49,A010200060502,2,車線走位不直，近看較為明顯
A202508110016,2025-08-20 19:17:49,A010400170103,3,布料硬挺度偏高，舒適度較低
A202508110085,2025-08-15 02:34:53,A010100010503,1,配送延遲超過預期
A202508200028,2025-08-28 04:14:12,A010300120803,1,布面有色點，近看較為明顯
A202508040019,2025-08-09 14:36:28,A010400180303,2,布料光澤不足，正式感下降
A202508120018,2025-08-16 16:58:48,A010300130203,1,布料挺度不足，廓形較為貼身
A202508120018,2025-08-14 16:58:48,A010400170104,2,包裝緩衝不足，摺痕較為明顯
A202508120018,2025-08-17 16:58:48,A010200080804,1,腰頭合身度不足，與表格偏差
A202508020057,2025-08-11 14:46:50,A010100010103,1,下擺收邊不齊，與頁面示意不一致
A202508020057,2025-08-04 14:46:50,A010300130104,1,裙子太長，會拖地
A202508190055,2025-08-29 17:32:55,A010300110703,1,腰線位置與官圖不同，比例不佳
A202508140015,2025-08-17 22:56:46,A010100020203,2,買錯顏色
A202508070056,2025-08-15 13:30:26,A010400191004,1,設計比例與官圖不同，落差明顯
A202508070009,2025-08-10 01:42:03,A010200101002,1,包裝緩衝不足，摺痕較為明顯
A202508070009,2025-08-09 01:42:03,A010400180903,2,尺寸或顏色錯發，請協助處理
A202508070009,2025-08-13 01:42:03,A010400160902,2,車線走位不直，近看較為明顯
A202508030057,2025-08-07 13:31:23,A010100050104,1,門襟車線略歪，近看較為明顯
A202508030057,2025-08-04 13:31:23,A010100041002,3,版型偏窄，實穿與標示寬鬆不同
A202508070010,2025-08-13 18:40:18,A010200100903,1,材質顆粒感較明顯，觸感不同
A202508070010,2025-08-10 18:40:18,A010100020704,1,袖長較官方數據偏長，比例不佳
A202508070010,2025-08-12 18:40:18,A010200091002,1,想參與較晚開始的行銷活動
A202508070010,2025-08-13 18:40:18,A010400191003,2,布料挺度不足，輪廓較為貼身
A202508070010,2025-08-17 18:40:18,A010300110703,2,布料光澤不足，正式感下降
A202508190070,2025-08-29 15:34:42,A010400200202,2,拉鍊滑順度不足，穿脫不夠順暢
A202508040053,2025-08-09 19:17:17,A010100050102,2,衣長過長，比例與預期不同
A202508160037,2025-08-21 05:59:58,A010400190504,1,肩線位置偏高，版型不夠放鬆
A202508160037,2025-08-25 05:59:58,A010200080603,2,想參與較晚開始的行銷活動
A202508190036,2025-08-25 03:20:55,A010300150702,2,尺寸組合不理想，合身度不足
A202508200066,2025-08-30 19:51:22,A010300150303,1,設計比例與官圖不同，落差明顯
A202508170096,2025-08-20 18:43:28,A010200090303,2,顏色寄錯
A202508170096,2025-08-20 18:43:28,A010300110104,3,布料光澤不足，正式感下降
A202508170096,2025-08-23 18:43:28,A010100031003,3,收到商品有異味
A202508040087,2025-08-13 08:07:28,A010300140304,2,門襟車線略歪，近看較為明顯
A202508120061,2025-08-17 16:39:24,A010300150304,2,上衣與下身版型不協調，比例不佳
A202508010058,2025-08-07 19:37:29,A010300141002,2,想參與較晚開始的行銷活動
A202508020074,2025-08-08 20:28:30,A010100040102,1,顏色偏灰，與頁面示意不一致
A202508100089,2025-08-13 14:38:24,A010300130103,1,版型不適合
A202508100089,2025-08-11 14:38:24,A010400191002,2,布料挺度不足，輪廓較為貼身
A202508100089,2025-08-13 14:38:24,A010300121002,1,拉鍊滑順度不足，穿脫不夠順暢
A202508180053,2025-08-19 19:43:41,A010300140702,2,尺寸或顏色錯發，請協助處理
A202508100017,2025-08-11 02:12:19,A010300121004,1,拉鍊滑順度不足，穿脫不夠順暢
A202508020072,2025-08-08 20:56:45,A010100020404,1,重複購買
A202508020072,2025-08-12 20:56:45,A010200060203,1,買錯尺寸
A202508040045,2025-08-08 20:16:25,A010400180303,2,釦子固定鬆動，需要更換處理
A202508050062,2025-08-08 14:34:20,A010200100904,2,車線走位不直，近看較為明顯
A202508050062,2025-08-11 14:34:20,A010200100104,1,褲長偏長，活動比例不如預期
A202508020069,2025-08-12 17:15:57,A010200060504,1,口袋車線有問題
A202508050014,2025-08-08 12:25:30,A010200090302,1,布面有色點，近看較為明顯
A202508160054,2025-08-23 22:46:33,A010400190603,2,袖口收邊不齊，做工細節影響感受
A202508160054,2025-08-24 22:46:33,A010300120804,1,重複購買
A202508160054,2025-08-24 22:46:33,A010200080704,1,釦子固定鬆動，需要更換處理
A202508160054,2025-08-18 22:46:33,A010300130604,1,重複購買
A202508130050,2025-08-19 11:25:26,A010400160702,1,衣長較長，穿著比例不如預期
A202508170059,2025-08-26 16:56:15,A010200101004,1,口袋深度不足，使用受限
A202508170059,2025-08-24 16:56:15,A010300121003,1,褲長略長，身高比例不合適
A202508090019,2025-08-12 16:58:34,A010300110904,1,下擺收邊不齊，近看較為明顯
A202508160096,2025-08-22 20:21:56,A010300140703,2,肩寬與表格偏差，穿著略顯緊繃
A202508140087,2025-08-17 06:30:52,A010400160704,1,想參與較晚開始的行銷活動
A202508140087,2025-08-16 06:30:52,A010300130603,1,裙子太長，會拖地
A202508140087,2025-08-23 06:30:52,A010100020202,2,門襟車線不直，近看較為明顯
A202508140087,2025-08-24 06:30:52,A010300120803,1,外箱受壓變形，摺痕較為明顯
A202508140087,2025-08-16 06:30:52,A010400191004,2,布料挺度不足，輪廓較為貼身
A202508060061,2025-08-13 19:20:45,A010100010502,1,領口偏小，頸部不舒服
A202508030094,2025-08-09 14:44:05,A010300130102,2,布料挺度不足，廓形較為貼身
A202508200054,2025-08-25 10:27:31,A010400190604,1,肩線位置偏高，版型不夠放鬆
A202508200054,2025-08-23 10:27:31,A010400180902,1,釦子固定鬆動，需要更換處理
A202508200054,2025-08-30 10:27:31,A010100030403,1,印刷邊緣略糊，近看較為明顯
A202508120054,2025-08-19 13:49:42,A010300130603,1,包裝緩衝不足，摺痕較為明顯
A202508120054,2025-08-13 13:49:42,A010100020703,1,袖長較官方數據偏長，比例不佳
A202508120054,2025-08-18 13:49:42,A010100031002,2,版型偏大，肩線位置偏高不合身
A202508120054,2025-08-19 13:49:42,A010300150504,1,配送延遲超過預期，需要更換處理
A202508120054,2025-08-19 13:49:42,A010300110103,2,買錯尺寸
A202508060052,2025-08-09 21:26:52,A010100041004,2,重複購買
A202508140023,2025-08-20 14:01:04,A010400170104,1,想參與較晚開始的行銷活動
A202508110090,2025-08-19 14:34:40,A010400200202,2,肩寬與表格偏差，活動略受限
A202508160040,2025-08-17 20:04:35,A010300150702,1,內裡蓬度不足，正式感不足
A202508160040,2025-08-17 20:04:35,A010300150302,1,內裡蓬度不足，正式感不足
A202508160040,2025-08-24 20:04:35,A010100041002,2,包裝緩衝不足，折痕較深
A202508080011,2025-08-14 09:00:01,A010300150703,1,顏色較暗，與商品圖片落差較大
A202508080011,2025-08-10 09:00:01,A010100041004,2,有勾線跑出破了一個洞
A202508070067,2025-08-12 07:17:03,A010200070104,2,釦子對位略偏，固定度不足
A202508070085,2025-08-08 04:02:06,A010400170803,1,水洗位置與照片不同，落差明顯
A202508020008,2025-08-05 20:45:32,A010100010503,2,領口偏小，頸部不舒服
A202508090047,2025-08-17 13:27:24,A010200060202,1,顏色偏灰一階，與頁面示意不一致
A202508090047,2025-08-19 13:27:24,A010100030403,1,想參與較晚開始的行銷活動
A202508090047,2025-08-16 13:27:24,A010100031004,1,顏色較暗，與商品圖片落差較大
A202508090047,2025-08-13 13:27:24,A010400200404,1,壓線不夠平整，近看較為明顯
A202508070040,2025-08-15 07:29:13,A010200080802,1,褲摺線不夠俐落，細節差異明顯
A202508030052,2025-08-10 11:47:03,A010200080704,1,褲摺線不夠俐落，細節差異明顯
A202508170075,2025-08-27 13:13:27,A010200080703,3,版型偏小，要買大一號
A202508170075,2025-08-22 13:13:27,A010300140302,1,肩寬與表格偏差，穿著略顯緊繃
A202508130091,2025-08-20 20:23:14,A010400160903,1,釦子固定鬆動，細節呈現不一致
A202508090053,2025-08-11 05:03:25,A010100020404,1,買錯顏色
A202508090053,2025-08-16 05:03:25,A010100010104,2,重複購買
A202508090053,2025-08-14 05:03:25,A010300130603,2,想參與較晚開始的行銷活動
A202508130037,2025-08-19 19:57:31,A010400200402,1,想參與較晚開始的行銷活動
A202508170102,2025-08-25 16:12:08,A010400180102,1,顏色偏黃一階，與頁面示意不一致
A202508170102,2025-08-25 16:12:08,A010100020704,1,重複購買
A202508170102,2025-08-23 16:12:08,A010200090403,1,布料挺度不足，垂墜感不如預期
A202508170102,2025-08-20 16:12:08,A010400170804,1,釦子固定鬆動，需要更換處理
A202508170083,2025-08-22 02:43:10,A010100010104,1,重複購買
A202508100058,2025-08-13 23:55:39,A010200101003,2,腳口收邊略鬆，版型不夠俐落
A202508100058,2025-08-12 23:55:39,A010300120804,1,重複購買
A202508040030,2025-08-12 09:31:29,A010200090303,1,拉鏈結構未設計，不便穿脫
A202508040030,2025-08-11 09:31:29,A010200070403,1,車線收邊不齊，細節呈現不一致
A202508170111,2025-08-19 09:05:55,A010200101002,1,車線走位不直，近看較為明顯
A202508060018,2025-08-13 10:54:49,A010200080603,1,尺寸寄錯
A202508100019,2025-08-11 02:24:35,A010400180303,2,領面挺度不足，輪廓不夠俐落
A202508100019,2025-08-16 02:24:35,A010300140302,2,裙長落點偏長，比例不如預期
A202508090087,2025-08-10 00:29:45,A010300150503,2,想參與較晚開始的行銷活動
A202508010036,2025-08-09 04:55:47,A010200080804,3,版型不好看
A202508010036,2025-08-06 04:55:47,A010400200404,1,內裡配置偏薄，保暖性不如預期
A202508140036,2025-08-15 22:06:47,A010400171004,1,肩寬與表格偏差，活動受限
A202508140036,2025-08-15 22:06:47,A010200080604,1,版型偏小，要買大一號
A202508140036,2025-08-18 22:06:47,A010100030403,1,袖長偏長，穿著比例不如預期
A202508140036,2025-08-23 22:06:47,A010400170104,2,顏色較暗，與商品圖片落差較大
A202508150010,2025-08-18 09:08:02,A010200080603,1,腰頭合身度不足，與表格偏差
A202508150010,2025-08-22 09:08:02,A010300130202,2,想參與較晚開始的行銷活動
A202508150010,2025-08-17 09:08:02,A010300130104,1,內裡蓬度不足，支撐感不夠
A202508140083,2025-08-22 01:46:02,A010200091002,1,想參與較晚開始的行銷活動
A202508140083,2025-08-17 01:46:02,A010300120802,1,腰臀合身度偏窄，與表格偏差
A202508150003,2025-08-23 06:15:51,A010300141004,3,門襟車線略歪，近看較為明顯
A202508150003,2025-08-23 06:15:51,A010400160704,1,車線走位不直，近看較為明顯
A202508170033,2025-08-21 16:19:32,A010400170804,3,釦子固定鬆動，需要更換處理
A202508050050,2025-08-09 17:31:49,A010400190502,2,材質蓬鬆度不足，落差較明顯
A202508170032,2025-08-23 08:35:45,A010400200403,1,內裡配置偏薄，保暖性不如預期
A202508160081,2025-08-18 19:02:57,A010200091003,1,顏色寄錯
A202508010086,2025-08-11 02:02:27,A010300121004,3,顏色較暗，與商品圖片落差較大
A202508010086,2025-08-10 02:02:27,A010200060203,2,顏色偏灰一階，與頁面示意不一致
A202508040058,2025-08-13 02:22:21,A010100041002,3,衣長略短，搭配比例不如預期
A202508080017,2025-08-17 07:28:49,A010200070103,3,顏色較暗，與商品圖片落差較大
A202508080017,2025-08-10 07:28:49,A010100030203,1,袖長偏長，穿著比例不如預期
A202508080017,2025-08-13 07:28:49,A010100050104,1,顏色寄錯
A202508200018,2025-08-29 06:04:10,A010300130202,1,內裡蓬度不足，支撐感不夠
A202508200018,2025-08-21 06:04:10,A010300110102,1,布料光澤不足，正式感下降
A202508110004,2025-08-20 19:33:44,A010200060203,1,版型不符預期
A202508110004,2025-08-20 19:33:44,A010200100102,1,配送延遲超過預期
A202508110004,2025-08-13 19:33:44,A010100030203,1,想參與較晚開始的行銷活動
A202508110004,2025-08-17 19:33:44,A010400190604,1,織目不均，近看細節較為明顯
A202508060024,2025-08-09 19:18:35,A010200060204,1,買錯尺寸
A202508060024,2025-08-14 19:18:35,A010300130603,2,裙長落點不符描述，略顯短
A202508150008,2025-08-25 21:47:01,A010200090302,1,裙子太長，會拖地
A202508150008,2025-08-25 21:47:01,A010400190504,3,織目不均，近看細節較為明顯
A202508150008,2025-08-20 21:47:01,A010300120204,1,腰臀合身度偏窄，與表格偏差
A202508030003,2025-08-11 07:39:21,A010200101004,2,布料透氣性低於預期，悶熱感明顯
A202508030003,2025-08-07 07:39:21,A010300110704,1,買錯顏色
A202508040023,2025-08-08 19:32:54,A010200091004,1,尺寸寄錯
A202508040023,2025-08-14 19:32:54,A010200070302,2,車線收邊不齊，細節呈現不一致
A202508070063,2025-08-16 12:59:01,A010400180102,2,顏色偏黃一階，與頁面示意不一致
A202508120090,2025-08-19 13:58:34,A010200070403,1,買錯尺寸
A202508120090,2025-08-21 13:58:34,A010200090304,1,腰圍量測值不符，穿著略緊
A202508200008,2025-08-22 04:02:04,A010400180902,1,布料光澤不足，正式感下降
A202508200008,2025-08-30 04:02:04,A010300140304,1,想參與較晚開始的行銷活動
A202508100052,2025-08-16 00:36:45,A010300110103,1,裙長落點偏高，實穿不如預期
A202508100052,2025-08-11 00:36:45,A010100011002,1,顏色較暗，與商品圖片落差較大
A202508130056,2025-08-20 21:55:43,A010300150502,1,尺寸組合不理想，合身度不足
A202508100105,2025-08-16 18:16:48,A010200080804,1,顏色寄錯
A202508100105,2025-08-15 18:16:48,A010100020703,1,袖長較官方數據偏長，比例不佳
A202508100105,2025-08-15 18:16:48,A010300140304,2,版型偏直筒，腰身不若官圖
A202508060009,2025-08-11 23:48:23,A010100050102,1,想參與較晚開始的行銷活動
A202508050025,2025-08-08 10:43:28,A010300110103,1,側邊有脫線
A202508150012,2025-08-22 20:26:51,A010400190602,1,想參與較晚開始的行銷活動
A202508150012,2025-08-23 20:26:51,A010100050702,1,版型偏直筒，腰身不如官圖
A202508010019,2025-08-03 09:08:52,A010200060204,1,有破洞
A202508170038,2025-08-19 04:18:35,A010400160702,3,尺寸或顏色錯發，請協助處理
A202508170002,2025-08-22 18:56:41,A010400200903,1,肩寬與表格偏差，活動略受限
A202508190020,2025-08-21 08:00:07,A010300150504,1,配送延遲超過預期，需要更換處理
A202508190020,2025-08-26 08:00:07,A010100040303,1,尺寸寄錯
A202508170042,2025-08-18 01:17:16,A010400180104,1,內裡蓬度不足，支撐度不夠
A202508100103,2025-08-12 12:46:32,A010200100104,1,褲長偏長，活動比例不如預期
A202508100103,2025-08-16 12:46:32,A010400160703,2,布料挺度不足，撐度略顯不足
A202508100103,2025-08-18 12:46:32,A010400170803,3,布料硬挺度偏高，舒適度較低
A202508180090,2025-08-19 13:35:16,A010400200903,1,壓線不夠平整，近看較為明顯
A202508180090,2025-08-26 13:35:16,A010300150703,1,尺寸組合不理想，合身度不足
A202508060016,2025-08-09 05:25:52,A010200080604,2,拉鍊滑順度普通，偶有頓點
A202508160089,2025-08-20 14:07:49,A010300120804,3,重複購買
A202508160089,2025-08-17 14:07:49,A010400200403,2,尺寸或顏色錯發，請協助處理
A202508160089,2025-08-20 14:07:49,A010100020703,2,門襟車線不直，近看較為明顯
A202508160089,2025-08-18 14:07:49,A010300140704,1,外箱受壓變形，摺痕較為明顯
A202508030055,2025-08-06 17:51:46,A010100040302,3,想參與較晚開始的行銷活動
A202508030055,2025-08-04 17:51:46,A010100031004,1,收到商品有異味
A202508030055,2025-08-11 17:51:46,A010100050704,1,尺寸寄錯
A202508020077,2025-08-04 09:15:39,A010300130203,1,裙子太長，會拖地
A202508020077,2025-08-03 09:15:39,A010300120202,2,布面有色點，近看較為明顯
A202508160080,2025-08-25 22:44:47,A010100040303,2,想參與較晚開始的行銷活動
A202508140063,2025-08-23 17:33:47,A010200070402,1,布面有色點，近看較為明顯
A202508140063,2025-08-19 17:33:47,A010200100903,2,布料透氣性低於預期，悶熱感明顯
A202508020031,2025-08-07 11:49:32,A010200080702,2,版型不修身，梨型身材看起來很腫
A202508020071,2025-08-11 17:31:01,A010400190504,1,設計比例與官圖不同，落差明顯
A202508120038,2025-08-15 08:26:21,A010300121003,3,布面有色點，近看較為明顯
A202508120038,2025-08-18 08:26:21,A010100010503,1,衣長與標示差距，視覺比例不如預期
A202508040084,2025-08-12 11:50:12,A010100040103,1,衣長略短，搭配比例不如預期
A202508040078,2025-08-07 00:27:14,A010400170104,3,水洗位置與照片不同，落差明顯
A202508040078,2025-08-11 00:27:14,A010200080602,1,褲摺線不夠俐落，細節差異明顯
A202508080038,2025-08-14 00:38:44,A010100040103,2,標示柔軟實際較挺，觸感不同
A202508080038,2025-08-17 00:38:44,A010200070403,1,布料挺度不足，版型較易塌陷
A202508080038,2025-08-10 00:38:44,A010200080803,1,拉鍊滑順度普通，偶有頓點
A202508030020,2025-08-09 21:06:03,A010200061003,2,版型不符預期
A202508170004,2025-08-18 14:20:43,A010200070403,2,尺寸過短
A202508040007,2025-08-07 13:43:58,A010400170102,1,肩寬與表格偏差，活動受限
A202508040007,2025-08-07 13:43:58,A010400190502,1,布料挺度不足，輪廓較為貼身
A202508190019,2025-08-23 04:18:10,A010400200402,1,內裡配置偏薄，保暖性不如預期
A202508160111,2025-08-25 20:33:04,A010200060503,3,配送延遲超過預期
A202508160111,2025-08-23 20:33:04,A010100030404,1,內裡毛會脫毛
A202508200056,2025-08-28 15:56:00,A010300150302,2,想參與較晚開始的行銷活動
A202508200056,2025-08-25 15:56:00,A010300130102,1,腰線位置偏高，身形比例不如預期
A202508200056,2025-08-23 15:56:00,A010100011004,1,版型太小，穿起來很憋
A202508190039,2025-08-24 02:17:21,A010400180302,2,領面挺度不足，輪廓不夠俐落
A202508120046,2025-08-15 04:27:40,A010100010102,2,布料挺度不足，與描述的質感不同
A202508120046,2025-08-21 04:27:40,A010300130603,2,版型不適合
A202508120008,2025-08-20 03:33:58,A010400170804,1,拉鍊滑順度一般，偶有頓點
A202508120008,2025-08-21 03:33:58,A010400190504,1,衣長略長，比例不如預期
A202508190088,2025-08-20 10:54:25,A010300130203,2,裙子太長，會拖地
A202508070037,2025-08-17 05:24:41,A010300120203,2,版型不適合
A202508070037,2025-08-09 05:24:41,A010300130604,1,版型不適合
A202508030031,2025-08-06 19:01:29,A010100050104,1,布料透度高於預期，使用情境受限
A202508040037,2025-08-14 23:33:25,A010400171003,1,釦子固定鬆動，需要更換處理
A202508040037,2025-08-05 23:33:25,A010400190503,1,材質蓬鬆度不足，落差較明顯
A202508010001,2025-08-02 15:58:23,A010400160903,1,內裡蓬度不足，保型效果偏弱
A202508010001,2025-08-11 15:58:23,A010300110702,3,側邊有脫線
A202508010001,2025-08-07 15:58:23,A010400180303,1,門襟壓線不平，近看較為明顯
A202508010001,2025-08-06 15:58:23,A010400200904,1,拉鍊滑順度不足，穿脫不夠順暢
A202508030005,2025-08-04 22:07:27,A010200100902,1,材質顆粒感較明顯，觸感不同
A202508180040,2025-08-22 18:05:12,A010100020702,2,衣長較長，紮衣輪廓與期待不同
A202508180040,2025-08-20 18:05:12,A010300140303,2,外箱受壓變形，摺痕較為明顯
A202508180040,2025-08-28 18:05:12,A010200070304,3,褲長偏短，穿著比例不如預期
A202508180040,2025-08-19 18:05:12,A010100020704,1,買錯顏色
A202508060094,2025-08-12 02:07:40,A010400160903,2,內裡蓬度不足，保型效果偏弱
A202508100060,2025-08-12 13:39:07,A010200080804,1,拉鍊滑順度普通，偶有頓點
A202508190103,2025-08-28 10:49:38,A010200100904,1,口袋深度不足，使用受限
A202508190103,2025-08-28 10:49:38,A010400170804,2,想參與較晚開始的行銷活動
A202508160051,2025-08-25 10:24:25,A010200100102,1,車線走位不直，近看較為明顯
A202508130071,2025-08-14 14:03:32,A010300150704,3,包裝緩衝不足，摺痕較為明顯
A202508130071,2025-08-20 14:03:32,A010400200903,3,釦子固定鬆動，需要更換處理
A202508190056,2025-08-25 16:12:44,A010300110903,2,領口深度較淺，風格差異明顯
A202508190056,2025-08-26 16:12:44,A010200100903,1,顏色偏灰，與頁面示意不一致
A202508190056,2025-08-28 16:12:44,A010300150304,1,釦子固定鬆動，需要更換處理
A202508190056,2025-08-26 16:12:44,A010100041003,1,版型偏窄，實穿與標示寬鬆不同
A202508140090,2025-08-16 12:14:14,A010100020202,3,收到商品有異味
A202508160071,2025-08-22 17:40:55,A010100050703,1,版型偏直筒，腰身不如官圖
A202508090073,2025-08-14 14:28:25,A010100010502,1,想參與較晚開始的行銷活動
A202508090061,2025-08-18 04:34:03,A010100010102,2,領口偏小，頸部不舒服
A202508060086,2025-08-16 05:29:32,A010300150703,1,內裡蓬度不足，正式感不足
A202508080042,2025-08-13 14:31:27,A010300150703,1,配送延遲超過預期，需要更換處理
A202508170117,2025-08-24 03:13:53,A010200100904,1,顏色偏灰，與頁面示意不一致
A202508170117,2025-08-25 03:13:53,A010200090402,2,顏色寄錯
A202508080035,2025-08-09 11:05:08,A010300150302,3,布面有色點，近看較為明顯
A202508080035,2025-08-15 11:05:08,A010400200902,1,想參與較晚開始的行銷活動
A202508080035,2025-08-10 11:05:08,A010100020403,3,顏色偏黃一階，與頁面示意不一致
A202508080035,2025-08-14 11:05:08,A010400190604,1,衣長略長，比例不如預期
A202508020066,2025-08-09 20:52:14,A010400160704,1,顏色偏灰一階，與頁面示意不一致
A202508020066,2025-08-04 20:52:14,A010300110702,1,尺寸過長
A202508020066,2025-08-12 20:52:14,A010300150502,2,包裝緩衝不足，摺痕較為明顯
A202508130044,2025-08-21 03:39:18,A010300121003,1,外箱受壓變形，摺痕較為明顯
A202508130044,2025-08-22 03:39:18,A010400180104,1,布料光澤不足，正式感下降
A202508190046,2025-08-29 22:04:17,A010200070103,1,顏色較暗，與商品圖片落差較大
A202508170052,2025-08-23 22:05:03,A010400190604,3,布料挺度不足，輪廓較為貼身
A202508170052,2025-08-22 22:05:03,A010100020403,2,門襟車線不直，近看較為明顯
A202508100042,2025-08-16 18:29:32,A010300130203,1,內裡蓬度不足，支撐感不夠
A202508150005,2025-08-21 04:45:15,A010300120802,1,褲長略長，身高比例不合適
A202508080022,2025-08-15 02:45:43,A010300150304,2,尺寸組合不理想，合身度不足
A202508080022,2025-08-18 02:45:43,A010200100902,3,材質顆粒感較明顯，觸感不同
A202508080022,2025-08-12 02:45:43,A010300130203,3,重複購買
A202508140026,2025-08-20 00:38:10,A010200090402,1,版型不適合
A202508140026,2025-08-19 00:38:10,A010200060204,1,腰圍量測值不符，實穿略緊
A202508140026,2025-08-16 00:38:10,A010400160602,1,顏色偏灰一階，與頁面示意不一致
A202508010050,2025-08-11 00:50:02,A010100011003,1,標示寬鬆實際較合身，比例不如預期
A202508160042,2025-08-19 23:47:13,A010100011002,1,布料挺度不足，與描述的質感不同
A202508100024,2025-08-17 08:04:29,A010300120803,1,版型不適合
A202508100024,2025-08-13 08:04:29,A010200090402,1,顏色較暗，與商品圖片落差較大
A202508100024,2025-08-19 08:04:29,A010100041002,1,包裝緩衝不足，折痕較深
A202508100024,2025-08-20 08:04:29,A010200060504,2,口袋車線有問題
A202508100024,2025-08-20 08:04:29,A010400170803,2,包裝緩衝不足，摺痕較為明顯
A202508170074,2025-08-19 09:20:12,A010400180902,1,領面挺度不足，輪廓不夠俐落
A202508170074,2025-08-26 09:20:12,A010300150302,2,布面有色點，近看較為明顯
A202508080024,2025-08-16 21:30:36,A010300120203,2,顏色較暗，與商品圖片落差較大
A202508080024,2025-08-17 21:30:36,A010300141002,1,裙長落點偏長，比例不如預期
A202508090071,2025-08-12 16:35:06,A010300110704,1,釦子固定鬆動，需要更換處理
A202508030051,2025-08-05 17:21:14,A010200060202,1,腰圍量測值不符，實穿略緊
A202508030051,2025-08-09 17:21:14,A010300130603,2,領口開度較窄，風格差異明顯
A202508030051,2025-08-04 17:21:14,A010400200403,2,壓線不夠平整，近看較為明顯
A202508030051,2025-08-07 17:21:14,A010100020403,3,衣長較長，紮衣輪廓與期待不同
A202508100086,2025-08-18 00:32:47,A010200080802,1,內裡壓線不平，穿著觸感受影響
A202508100086,2025-08-18 00:32:47,A010400190604,1,衣長略長，比例不如預期
A202508100086,2025-08-14 00:32:47,A010400200903,2,釦子固定鬆動，需要更換處理
A202508160027,2025-08-25 07:10:32,A010100050703,2,衣長過長，比例與預期不同
A202508070025,2025-08-14 19:59:16,A010300110104,1,腰線位置與官圖不同，比例不佳
A202508070025,2025-08-15 19:59:16,A010400200904,2,布料光澤不足，機能感較弱
A202508070025,2025-08-08 19:59:16,A010300150302,1,上衣與下身版型不協調，比例不佳
A202508070025,2025-08-12 19:59:16,A010400180104,1,肩寬與表格偏差，穿著略緊
A202508180062,2025-08-21 10:24:54,A010300150704,1,設計比例與官圖不同，落差明顯
A202508080053,2025-08-10 07:41:08,A010200080804,1,顏色偏黃一階，與頁面示意不一致
A202508080053,2025-08-15 07:41:08,A010100030204,2,下擺收邊不齊，細節呈現不一致
A202508080053,2025-08-17 07:41:08,A010400171004,1,車線走位不直，近看較為明顯
A202508130045,2025-08-20 06:14:25,A010200061002,1,買錯尺寸
A202508130078,2025-08-21 23:35:28,A010400170102,2,拉鍊滑順度一般，偶有頓點
A202508130078,2025-08-22 23:35:28,A010100020204,1,圖案位置與照片不同，落差較明顯
A202508130078,2025-08-18 23:35:28,A010300120203,1,配送延遲超過預期，需要更換處理
A202508130078,2025-08-17 23:35:28,A010200080603,1,想參與較晚開始的行銷活動
A202508180087,2025-08-28 07:00:49,A010200080604,1,褲長需再修，實際比例不如預期
A202508180087,2025-08-20 07:00:49,A010200070404,3,尺寸過短
A202508180087,2025-08-22 07:00:49,A010400180102,1,領面挺度不足，輪廓不夠俐落
A202508200010,2025-08-27 03:29:12,A010400170104,1,拉鍊滑順度一般，偶有頓點
A202508080083,2025-08-18 16:57:27,A010300130202,1,想參與較晚開始的行銷活動
A202508100031,2025-08-17 12:38:37,A010200100102,1,想參與較晚開始的行銷活動
A202508030038,2025-08-10 23:21:15,A010200070302,1,下單後發現沒輸入折扣碼
A202508030038,2025-08-08 23:21:15,A010100050703,1,釦子固定鬆動，需要更換處理
A202508010046,2025-08-06 04:51:15,A010200070103,1,下單後發現沒輸入折扣碼
A202508010046,2025-08-04 04:51:15,A010300110702,2,釦子固定鬆動，需要更換處理
A202508030016,2025-08-07 07:38:07,A010300110902,3,買錯尺寸
A202508170035,2025-08-25 16:07:09,A010100010502,1,顏色較暗，與商品圖片落差較大
A202508160001,2025-08-18 03:33:29,A010100020203,2,顏色偏黃一階，與頁面示意不一致
A202508160001,2025-08-26 03:33:29,A010400170103,1,配送延遲超過預期，需要更換處理
A202508100078,2025-08-11 07:04:34,A010200091002,3,顏色較暗，與商品圖片落差較大
A202508100078,2025-08-20 07:04:34,A010200100904,1,口袋深度不足，使用受限
A202508100078,2025-08-13 07:04:34,A010200060503,2,拉鍊滑順度不足，偶有卡頓
A202508060054,2025-08-13 16:42:44,A010300120202,1,拉鍊滑順度不足，穿脫不夠順暢
A202508180054,2025-08-19 14:48:44,A010300140703,1,尺寸或顏色錯發，請協助處理
A202508180054,2025-08-26 14:48:44,A010200070102,1,拉鍊滑順度不足，需要更換處理
A202508050027,2025-08-10 15:00:48,A010400171002,1,衣長與描述不同，比例略顯短
A202508130033,2025-08-23 23:10:45,A010200061003,2,版型不符預期
A202508060006,2025-08-12 00:52:22,A010100050904,1,顏色較暗，與商品圖片落差較大
A202508200084,2025-08-25 04:12:46,A010200070404,1,布料挺度不足，版型較易塌陷
A202508200084,2025-08-30 04:12:46,A010200100904,1,腰圍彈性表現不足，舒適度不佳
A202508200084,2025-08-24 04:12:46,A010300121003,1,褲長略長，身高比例不合適
A202508030008,2025-08-09 11:46:39,A010300140704,1,釦子固定鬆動，需要更換處理
A202508030008,2025-08-07 11:46:39,A010400160602,2,尺寸或顏色錯發，請協助處理
A202508010039,2025-08-09 13:43:57,A010200091002,1,裙子太長，會拖地
A202508010039,2025-08-10 13:43:57,A010200070302,1,拉鍊滑順度不足，需要更換處理
A202508110011,2025-08-17 01:27:45,A010300110903,2,包裝緩衝不足，摺痕較為明顯
A202508110011,2025-08-19 01:27:45,A010400190502,2,織目不均，近看細節較為明顯
A202508020021,2025-08-06 09:38:43,A010200060504,1,車線走位不直，近看較為明顯
A202508130020,2025-08-20 23:08:52,A010200100104,1,口袋深度不足，使用受限
A202508130020,2025-08-22 23:08:52,A010100041002,2,版型偏窄，實穿與標示寬鬆不同
A202508130020,2025-08-16 23:08:52,A010300130202,1,顏色偏灰一階，與頁面示意不一致
A202508130020,2025-08-21 23:08:52,A010200091003,1,下擺收邊不齊，細節呈現不一致
A202508030058,2025-08-09 19:03:48,A010400180303,1,內裡蓬度不足，支撐度不夠
A202508170006,2025-08-20 00:10:21,A010300120203,1,褲長略長，身高比例不合適
A202508180028,2025-08-21 22:15:07,A010300150302,2,布面有色點，近看較為明顯
A202508170090,2025-08-21 04:50:42,A010300150503,3,上衣與下身版型不協調，比例不佳
A202508190066,2025-08-21 14:32:52,A010400160602,2,肩線位置偏高，版型不夠俐落
A202508080037,2025-08-10 13:59:07,A010400191002,1,布料挺度不足，輪廓較為貼身
A202508070052,2025-08-14 21:57:33,A010200080704,1,版型偏小，要買大一號
A202508070052,2025-08-13 21:57:33,A010400180302,2,尺寸或顏色錯發，請協助處理
A202508100028,2025-08-20 16:48:30,A010100031004,1,印刷邊緣略糊，近看較為明顯
A202508190057,2025-08-20 02:58:43,A010200090303,1,裙長落點與描述不同，比例偏差
A202508190057,2025-08-20 02:58:43,A010400191004,2,肩線位置偏高，版型不夠放鬆
A202508080076,2025-08-13 13:52:11,A010300110704,3,布料光澤不足，正式感下降
A202508080076,2025-08-09 13:52:11,A010300110102,1,裙長落點偏高，實穿不如預期
A202508080076,2025-08-17 13:52:11,A010200070403,2,釦子對位略偏，固定度不足
A202508120080,2025-08-21 04:14:38,A010100050703,2,外箱受壓變形，摺痕較為明顯
A202508140075,2025-08-23 12:18:44,A010300120202,3,版型不適合
A202508140075,2025-08-21 12:18:44,A010200080802,1,拉鍊滑順度普通，偶有頓點
A202508140075,2025-08-17 12:18:44,A010300150503,3,想參與較晚開始的行銷活動
A202508060003,2025-08-11 10:46:53,A010300110102,1,裙長落點偏高，實穿不如預期
A202508110094,2025-08-17 03:15:40,A010100040304,2,顏色偏灰，與頁面示意不一致
A202508090006,2025-08-10 09:51:23,A010300110902,3,釦子固定鬆動，需要更換處理
A202508090006,2025-08-12 09:51:23,A010100040304,1,袖口收邊不齊，做工細節影響感受
A202508090006,2025-08-13 09:51:23,A010100031003,1,材質粗糙，穿得不舒服，質感不如預期
A202508090006,2025-08-15 09:51:23,A010200070104,1,拉鍊滑順度不足，需要更換處理
A202508090006,2025-08-17 09:51:23,A010100050102,2,釦子固定鬆動，需要更換處理
A202508150068,2025-08-22 21:13:59,A010200070404,3,想參與較晚開始的行銷活動
A202508150068,2025-08-18 21:13:59,A010200060202,1,有破洞
A202508020020,2025-08-12 00:11:40,A010400180902,1,內裡蓬度不足，支撐度不夠
A202508110088,2025-08-13 01:56:05,A010400180903,1,領面挺度不足，輪廓不夠俐落
A202508110088,2025-08-14 01:56:05,A010300150703,1,釦子固定鬆動，需要更換處理
A202508110088,2025-08-17 01:56:05,A010400180102,1,釦子固定鬆動，需要更換處理
A202508110047,2025-08-15 12:42:06,A010300150704,1,釦子固定鬆動，需要更換處理
A202508030072,2025-08-12 16:51:07,A010100030202,2,帽體挺度不足，輪廓較為貼頭
A202508030072,2025-08-11 16:51:07,A010100040302,1,衣長略短，搭配比例不如預期
A202508120088,2025-08-15 21:47:26,A010300150304,1,設計比例與官圖不同，落差明顯
A202508010003,2025-08-09 14:20:17,A010300110904,1,側邊有脫線
A202508140066,2025-08-18 14:59:10,A010100050702,2,版型偏直筒，腰身不如官圖
A202508080087,2025-08-11 18:48:29,A010200070103,1,尺寸過短
A202508080087,2025-08-15 18:48:29,A010300141003,1,布料光澤不足，正式感下降
A202508050031,2025-08-06 06:02:09,A010200100103,1,車線走位不直，近看較為明顯
A202508050031,2025-08-15 06:02:09,A010400200202,1,衣長略長，運動比例不如預期
A202508030039,2025-08-09 17:06:37,A010200070404,3,車線收邊不齊，細節呈現不一致
A202508080013,2025-08-18 11:11:26,A010100031003,1,領口有口紅印
A202508190053,2025-08-28 06:52:07,A010400180102,3,門襟壓線不平，近看較為明顯
A202508190053,2025-08-25 06:52:07,A010200100103,1,口袋深度不足，使用受限
A202508200025,2025-08-26 05:28:00,A010100031002,2,重複購買
A202508040062,2025-08-12 14:51:07,A010400190503,2,織目不均，近看細節較為明顯
A202508180056,2025-08-21 15:53:11,A010300150502,1,車線走位不直，細節呈現不一致
A202508180056,2025-08-26 15:53:11,A010400160702,1,拉鍊滑順度不足，需要更換處理
A202508180056,2025-08-24 15:53:11,A010400170102,1,肩寬與表格偏差，活動受限
A202508180056,2025-08-28 15:53:11,A010400190602,1,織目不均，近看細節較為明顯
A202508140031,2025-08-18 07:05:13,A010300130102,1,版型不適合
A202508140031,2025-08-19 07:05:13,A010100010504,1,衣長與標示差距，視覺比例不如預期
A202508140031,2025-08-15 07:05:13,A010200060202,1,釦子固定鬆動，需要更換處理
A202508140031,2025-08-18 07:05:13,A010300130604,1,領口開度較窄，風格差異明顯
A202508140031,2025-08-19 07:05:13,A010200070104,1,顏色較暗，與商品圖片落差較大
A202508060082,2025-08-11 21:27:42,A010300141004,2,裙長落點偏長，比例不如預期
A202508060082,2025-08-07 21:27:42,A010100040304,3,織目不均，近看細節較為明顯
A202508060082,2025-08-15 21:27:42,A010400190504,1,織目不均，近看細節較為明顯
A202508060085,2025-08-11 12:21:14,A010100020404,1,衣長較長，紮衣輪廓與期待不同
A202508190077,2025-08-27 06:02:52,A010400190603,1,布料挺度不足，輪廓較為貼身
A202508170087,2025-08-19 09:30:46,A010400190503,1,想參與較晚開始的行銷活動
A202508150014,2025-08-21 05:48:53,A010300140304,1,版型不適合
A202508160084,2025-08-17 04:21:12,A010400180904,1,外箱受壓變形，摺痕較為明顯
A202508160084,2025-08-24 04:21:12,A010200100104,3,配送延遲超過預期
A202508050053,2025-08-12 09:05:58,A010400180102,1,內裡蓬度不足，支撐度不夠
A202508040056,2025-08-14 05:15:39,A010400160704,1,想參與較晚開始的行銷活動
A202508190063,2025-08-20 16:01:53,A010200090302,2,顏色寄錯
A202508040046,2025-08-06 02:42:00,A010300130104,1,布面微起粒感，質感與描述不同
A202508070026,2025-08-13 18:24:46,A010200100904,1,腰圍彈性表現不足，舒適度不佳
A202508070026,2025-08-11 18:24:46,A010400200204,1,肩寬與表格偏差，活動略受限
A202508070026,2025-08-13 18:24:46,A010400180902,1,肩寬與表格偏差，穿著略緊
A202508070026,2025-08-17 18:24:46,A010300130203,1,領口開度較窄，風格差異明顯
A202508090064,2025-08-13 18:20:57,A010300150704,1,布面有色點，近看較為明顯
A202508090064,2025-08-16 18:20:57,A010300140703,2,外箱受壓變形，摺痕較為明顯
A202508150080,2025-08-18 09:19:05,A010300140303,1,想參與較晚開始的行銷活動
A202508150080,2025-08-17 09:19:05,A010300150503,1,釦子固定鬆動，需要更換處理
A202508130065,2025-08-14 00:21:51,A010100011003,1,腋下車線有問題
A202508130040,2025-08-23 06:18:24,A010300130102,1,內裡蓬度不足，支撐感不夠
A202508130040,2025-08-17 06:18:24,A010300121002,1,配送延遲超過預期，需要更換處理
A202508070062,2025-08-12 16:07:46,A010100010104,1,領口偏小，頸部不舒服
A202508070062,2025-08-08 16:07:46,A010200100103,3,褲長偏長，活動比例不如預期
A202508130031,2025-08-15 04:35:55,A010200080803,1,褲摺線不夠俐落，細節差異明顯
A202508190047,2025-08-24 20:56:37,A010100031003,1,內裡毛會脫毛
A202508190047,2025-08-27 20:56:37,A010300150703,1,布面有色點，近看較為明顯
A202508190047,2025-08-29 20:56:37,A010400171002,3,衣長與描述不同，比例略顯短
A202508190062,2025-08-20 00:07:38,A010100041004,3,顏色寄錯
A202508110021,2025-08-16 01:38:56,A010100040103,2,領口鬆度偏大，輪廓較不俐落
A202508160068,2025-08-25 14:49:48,A010100050704,2,顏色寄錯
A202508160068,2025-08-18 14:49:48,A010400191002,1,想參與較晚開始的行銷活動
A202508160068,2025-08-20 14:49:48,A010100050904,1,想參與較晚開始的行銷活動
A202508190104,2025-08-25 01:51:15,A010100020402,1,尺寸或顏色錯發，請協助處理
A202508120075,2025-08-15 04:20:17,A010400200403,2,肩寬與表格偏差，活動略受限
A202508120075,2025-08-13 04:20:17,A010200070102,2,側邊有脫線
A202508170076,2025-08-18 06:03:49,A010300130603,2,領口開度較窄，風格差異明顯
A202508150070,2025-08-16 10:04:17,A010400190603,1,配送延遲超過預期，需要更換處理
A202508150070,2025-08-20 10:04:17,A010100020402,1,布料偏軟，挺度不夠
A202508170085,2025-08-27 01:31:03,A010300110104,1,尺寸過長
A202508050098,2025-08-09 18:27:21,A010400160904,1,衣長較長，穿著比例不如預期
A202508050068,2025-08-12 01:03:14,A010400160904,1,拉鍊滑順度不足，需要更換處理
A202508050002,2025-08-07 04:48:18,A010100010104,1,下擺收邊不齊，與頁面示意不一致
A202508070008,2025-08-16 13:49:26,A010100050703,2,版型偏直筒，腰身不如官圖
A202508140042,2025-08-22 07:48:48,A010200100904,1,布料透氣性低於預期，悶熱感明顯
A202508140042,2025-08-18 07:48:48,A010200101004,2,布料透氣性低於預期，悶熱感明顯
A202508050057,2025-08-07 05:47:51,A010400160603,1,拉鍊滑順度不足，需要更換處理
A202508060072,2025-08-07 11:13:12,A010300120804,2,褲長略長，身高比例不合適
A202508060072,2025-08-16 11:13:12,A010200070102,3,褲長偏短，穿著比例不如預期
A202508030064,2025-08-12 06:30:20,A010200090402,1,拉鏈結構未設計，不便穿脫
A202508030064,2025-08-04 06:30:20,A010100050102,1,釦子固定鬆動，需要更換處理
A202508070030,2025-08-10 04:39:00,A010200070402,1,尺寸過短
A202508070030,2025-08-17 04:39:00,A010300130203,1,包裝緩衝不足，摺痕較為明顯
A202508140095,2025-08-19 13:22:08,A010400180303,1,想參與較晚開始的行銷活動
A202508140095,2025-08-16 13:22:08,A010300140702,1,布料光澤不足，正式感下降
A202508170020,2025-08-24 12:31:30,A010400171002,1,拉鍊滑順度一般，偶有頓點
A202508170020,2025-08-27 12:31:30,A010100040102,2,有勾線跑出破了一個洞
A202508130049,2025-08-17 16:59:43,A010200100104,1,包裝緩衝不足，摺痕較為明顯
A202508130049,2025-08-15 16:59:43,A010400190503,1,衣長略長，比例不如預期
A202508130049,2025-08-21 16:59:43,A010400170802,2,配送延遲超過預期，需要更換處理
A202508130049,2025-08-22 16:59:43,A010300120802,1,收到商品有異味
A202508200016,2025-08-22 13:53:36,A010300150303,1,釦子固定鬆動，需要更換處理
A202508170015,2025-08-27 03:03:53,A010300141003,1,想參與較晚開始的行銷活動
A202508100027,2025-08-12 17:39:43,A010100050903,1,版型偏直筒，腰身不如官圖
A202508100027,2025-08-15 17:39:43,A010100031002,1,收到商品有異味
A202508100027,2025-08-16 17:39:43,A010200100104,2,腰圍彈性表現不足，舒適度不佳
A202508160013,2025-08-19 02:33:58,A010200080804,1,版型不好看
A202508160013,2025-08-23 02:33:58,A010400190603,3,設計比例與官圖不同，落差明顯
A202508160100,2025-08-23 14:51:57,A010200091003,1,想參與較晚開始的行銷活動
A202508160100,2025-08-20 14:51:57,A010100020704,2,門襟車線不直，近看較為明顯
A202508160065,2025-08-19 05:25:44,A010200080603,2,版型不修身，梨型身材看起來很腫
A202508030024,2025-08-08 09:21:51,A010300140704,1,釦子固定鬆動，需要更換處理
A202508030024,2025-08-07 09:21:51,A010100010102,1,想參與較晚開始的行銷活動
A202508060027,2025-08-16 20:47:24,A010300130602,1,包裝緩衝不足，摺痕較為明顯
A202508170009,2025-08-26 15:16:59,A010200070103,1,買錯尺寸
A202508170009,2025-08-21 15:16:59,A010400180904,3,內裡蓬度不足，支撐度不夠
A202508010056,2025-08-02 21:41:23,A010400190603,2,肩線位置偏高，版型不夠放鬆
A202508020026,2025-08-10 16:25:42,A010100041003,2,包裝緩衝不足，折痕較深
A202508120070,2025-08-13 06:06:30,A010300150303,2,想參與較晚開始的行銷活動
A202508120070,2025-08-17 06:06:30,A010100050703,1,領片挺度不足，整體較為貼合
A202508120070,2025-08-19 06:06:30,A010200061002,3,顏色偏灰一階，與頁面示意不一致
A202508010008,2025-08-07 12:46:15,A010100041002,2,包裝緩衝不足，折痕較深
A202508140088,2025-08-16 22:32:02,A010100010502,1,想參與較晚開始的行銷活動
A202508140088,2025-08-22 22:32:02,A010400191003,2,設計比例與官圖不同，落差明顯
A202508170010,2025-08-23 15:44:34,A010200060202,1,有破洞
A202508170010,2025-08-23 15:44:34,A010200070304,2,褲長偏短，穿著比例不如預期
A202508170010,2025-08-21 15:44:34,A010200091004,1,裙長落點與描述不同，比例偏差
A202508170010,2025-08-22 15:44:34,A010200070402,2,褲長偏短，穿著比例不如預期
A202508010011,2025-08-08 22:50:00,A010200061002,2,腰圍量測值不符，實穿略緊
A202508190028,2025-08-21 16:19:30,A010300150303,2,包裝緩衝不足，摺痕較為明顯
A202508190028,2025-08-25 16:19:30,A010100050702,3,尺寸寄錯
A202508190028,2025-08-24 16:19:30,A010100041003,1,織目不均，近看細節較為明顯
A202508050064,2025-08-13 08:17:37,A010200060503,2,腰圍量測值不符，實穿略緊
A202508050064,2025-08-08 08:17:37,A010100020703,3,門襟車線不直，近看較為明顯
A202508150029,2025-08-22 22:26:40,A010100040104,1,材質蓬鬆度不足，落差較明顯
A202508140004,2025-08-18 21:07:09,A010100031002,1,領口有口紅印
A202508140004,2025-08-24 21:07:09,A010200060504,1,顏色偏灰一階，與頁面示意不一致
A202508010080,2025-08-09 14:19:16,A010100050903,1,領片挺度不足，整體較為貼合
A202508150066,2025-08-20 11:58:16,A010300120803,1,重複購買
A202508150066,2025-08-21 11:58:16,A010300120203,1,顏色較暗，與商品圖片落差較大
A202508070003,2025-08-11 00:49:58,A010200100103,1,口袋深度不足，使用受限
A202508070003,2025-08-08 00:49:58,A010400200203,1,釦子固定鬆動，需要更換處理
A202508170091,2025-08-19 07:08:13,A010400180102,1,外箱受壓變形，摺痕較為明顯
A202508110014,2025-08-21 10:54:19,A010200080803,1,腰頭合身度不足，與表格偏差
A202508050100,2025-08-06 16:23:38,A010400200403,1,顏色較暗，與商品圖片落差較大
A202508050100,2025-08-08 16:23:38,A010100030402,1,領口有口紅印
A202508050100,2025-08-12 16:23:38,A010300150704,2,車線走位不直，細節呈現不一致
A202508050063,2025-08-15 17:15:49,A010200060203,1,想參與較晚開始的行銷活動
A202508160004,2025-08-21 19:02:51,A010200060503,2,車線走位不直，近看較為明顯
A202508170098,2025-08-20 01:44:15,A010200080704,1,版型偏小，要買大一號
A202508170098,2025-08-18 01:44:15,A010400190503,1,包裝緩衝不足，摺痕較為明顯
A202508010083,2025-08-10 10:37:57,A010400170802,3,水洗位置與照片不同，落差明顯
A202508090069,2025-08-19 06:30:32,A010300110103,1,包裝緩衝不足，摺痕較為明顯
A202508020052,2025-08-04 11:24:34,A010300150304,1,尺寸組合不理想，合身度不足
A202508020052,2025-08-03 11:24:34,A010400170803,2,車線走位不直，近看較為明顯
A202508070065,2025-08-10 07:04:58,A010100050103,1,領片挺度不足，整體較為貼合
A202508070065,2025-08-13 07:04:58,A010400191003,1,顏色偏灰一階，與頁面示意不一致
A202508070065,2025-08-15 07:04:58,A010200061004,3,拉鍊滑順度不足，偶有卡頓
A202508150098,2025-08-21 00:26:36,A010100040304,2,袖口收邊不齊，做工細節影響感受
A202508050006,2025-08-07 05:58:02,A010200070303,1,布面有色點，近看較為明顯
A202508020029,2025-08-12 00:32:56,A010400160902,2,衣長較長，穿著比例不如預期
A202508080055,2025-08-18 11:57:24,A010100030204,1,內裡毛會脫毛
A202508080055,2025-08-17 11:57:24,A010400190602,1,包裝緩衝不足，摺痕較為明顯
A202508080055,2025-08-18 11:57:24,A010300110102,2,想參與較晚開始的行銷活動
A202508180027,2025-08-23 15:58:19,A010400160904,1,內裡蓬度不足，保型效果偏弱
A202508090038,2025-08-14 05:54:01,A010300130204,1,布料挺度不足，廓形較為貼身
A202508080090,2025-08-14 15:51:23,A010200080703,1,拉鍊滑順度普通，偶有頓點
A202508060095,2025-08-07 02:12:40,A010100010502,1,版型太小，穿起來很憋
A202508120078,2025-08-14 10:36:39,A010100050704,1,尺寸寄錯
A202508120078,2025-08-18 10:36:39,A010200060504,2,布料硬挺度偏高，舒適度較低
A202508120078,2025-08-13 10:36:39,A010400170802,2,拉鍊滑順度一般，偶有頓點
A202508120078,2025-08-13 10:36:39,A010100030204,1,收到商品有異味
A202508170057,2025-08-23 16:28:07,A010400170804,1,配送延遲超過預期，需要更換處理
A202508170057,2025-08-19 16:28:07,A010300141002,1,肩寬與表格偏差，穿著略顯緊繃
A202508170057,2025-08-21 16:28:07,A010300150704,1,車線走位不直，細節呈現不一致
A202508130005,2025-08-16 14:38:24,A010100050704,2,布料透度高於預期，使用情境受限
A202508030070,2025-08-09 18:41:27,A010100011004,3,衣長與標示差距，視覺比例不如預期
A202508030070,2025-08-07 18:41:27,A010100050103,2,門襟車線略歪，近看較為明顯
A202508140005,2025-08-24 14:59:15,A010200080803,3,想參與較晚開始的行銷活動
A202508140005,2025-08-17 14:59:15,A010200090403,1,顏色寄錯
A202508140005,2025-08-16 14:59:15,A010300120202,1,重複購買
A202508100054,2025-08-19 23:31:15,A010400200403,2,壓線不夠平整，近看較為明顯
A202508140076,2025-08-15 22:43:23,A010100030403,1,下擺收邊不齊，細節呈現不一致
A202508140076,2025-08-22 22:43:23,A010100020704,2,買錯顏色
A202508020009,2025-08-08 21:12:50,A010100040304,2,顏色寄錯
A202508190067,2025-08-25 22:52:34,A010400170102,2,包裝緩衝不足，摺痕較為明顯
A202508190067,2025-08-23 22:52:34,A010100050104,1,門襟車線略歪，近看較為明顯
A202508120020,2025-08-17 02:17:54,A010400180904,2,內裡蓬度不足，支撐度不夠
A202508120020,2025-08-19 02:17:54,A010200091003,2,版型不適合
A202508120020,2025-08-18 02:17:54,A010100020202,1,布料偏軟，挺度不夠
A202508100053,2025-08-11 11:55:00,A010200090404,1,裙子太長，會拖地
A202508200058,2025-08-29 08:40:32,A010300150304,1,上衣與下身版型不協調，比例不佳
A202508200058,2025-08-23 08:40:32,A010200080804,1,版型不修身，梨型身材看起來很腫
A202508150079,2025-08-19 01:28:29,A010400200902,2,壓線不夠平整，近看較為明顯
A202508120084,2025-08-14 04:08:21,A010100020704,1,衣長較長，紮衣輪廓與期待不同
A202508010024,2025-08-03 12:41:03,A010200100103,2,腳口收邊略鬆，版型不夠俐落
A202508050072,2025-08-13 00:20:04,A010200070103,1,側邊有脫線
A202508100067,2025-08-12 06:59:51,A010400180903,1,布料光澤不足，正式感下降
A202508070061,2025-08-12 17:04:02,A010400190504,3,織目不均，近看細節較為明顯
A202508070061,2025-08-15 17:04:02,A010100030402,1,材質粗糙，穿得不舒服，質感不如預期
A202508070061,2025-08-17 17:04:02,A010300150504,1,車線走位不直，細節呈現不一致
A202508150052,2025-08-21 16:22:01,A010100041003,1,有勾線跑出破了一個洞
A202508150052,2025-08-17 16:22:01,A010400180904,2,衣長略長，比例與預期不同
A202508110005,2025-08-17 15:50:40,A010100010103,1,重複購買
A202508110005,2025-08-17 15:50:40,A010400170804,1,包裝緩衝不足，摺痕較為明顯
A202508110005,2025-08-12 15:50:40,A010200061002,1,買錯尺寸
A202508090036,2025-08-16 03:39:54,A010100020404,1,肩寬與表格偏差，穿著略顯緊繃
A202508090036,2025-08-14 03:39:54,A010200070302,2,買錯尺寸
A202508090036,2025-08-16 03:39:54,A010300130203,1,內裡蓬度不足，支撐感不夠
A202508050095,2025-08-11 21:36:48,A010100031003,2,下擺收邊不齊，細節呈現不一致
A202508140067,2025-08-23 00:27:52,A010200080604,1,內裡壓線不平，穿著觸感受影響
A202508150030,2025-08-20 09:06:00,A010400190503,1,衣長略長，比例不如預期
A202508090074,2025-08-12 03:49:56,A010300130204,1,重複購買
A202508090074,2025-08-19 03:49:56,A010400170102,1,顏色較暗，與商品圖片落差較大
A202508090074,2025-08-10 03:49:56,A010400160903,2,釦子固定鬆動，細節呈現不一致
A202508090074,2025-08-15 03:49:56,A010100031002,2,想參與較晚開始的行銷活動
A202508150004,2025-08-22 06:58:04,A010400180903,1,衣長略長，比例與預期不同
A202508060019,2025-08-12 20:49:12,A010100020403,1,釦子固定鬆動，需要更換處理
A202508060019,2025-08-16 20:49:12,A010200101002,3,材質顆粒感較明顯，觸感不同
A202508160023,2025-08-17 09:17:46,A010300121003,1,版型不若官圖俐落，線條略鈍
A202508160023,2025-08-17 09:17:46,A010400160602,2,拉鍊滑順度不足，需要更換處理
A202508160023,2025-08-21 09:17:46,A010300150302,1,內裡蓬度不足，正式感不足
A202508180094,2025-08-22 04:51:16,A010200091002,1,版型不適合
A202508130089,2025-08-16 18:48:40,A010200061004,1,尺寸過小
A202508060020,2025-08-08 11:30:13,A010400170104,1,布料硬挺度偏高，舒適度較低
A202508060020,2025-08-09 11:30:13,A010300120202,1,布面有色點，近看較為明顯
A202508050020,2025-08-11 08:39:19,A010400190603,1,袖口收邊不齊，做工細節影響感受
A202508120047,2025-08-13 19:47:58,A010400180302,1,門襟壓線不平，近看較為明顯
A202508120047,2025-08-14 19:47:58,A010200100903,2,配送延遲超過預期
A202508120047,2025-08-17 19:47:58,A010200080603,2,版型不修身，梨型身材看起來很腫
A202508170041,2025-08-25 17:15:52,A010200070304,1,車線收邊不齊，細節呈現不一致
A202508080041,2025-08-16 11:01:20,A010400190603,1,材質蓬鬆度不足，落差較明顯
A202508080041,2025-08-13 11:01:20,A010300140704,1,布料光澤不足，正式感下降
A202508090070,2025-08-19 12:33:24,A010400180103,1,尺寸或顏色錯發，請協助處理
A202508100010,2025-08-12 14:41:46,A010100030203,1,顏色較暗，與商品圖片落差較大
A202508050073,2025-08-13 08:10:25,A010100020703,1,重複購買
A202508130038,2025-08-21 14:51:09,A010300150702,2,顏色較暗，與商品圖片落差較大
A202508130038,2025-08-20 14:51:09,A010400200202,2,釦子固定鬆動，需要更換處理
A202508180049,2025-08-24 20:47:40,A010100040302,1,有勾線跑出破了一個洞
A202508060068,2025-08-15 03:52:01,A010400170102,2,包裝緩衝不足，摺痕較為明顯
A202508150022,2025-08-21 04:59:49,A010100040303,2,有勾線跑出破了一個洞
A202508150022,2025-08-21 04:59:49,A010100020402,1,衣長較長，紮衣輪廓與期待不同
A202508190018,2025-08-21 21:56:55,A010400200404,1,壓線不夠平整，近看較為明顯
A202508190018,2025-08-26 21:56:55,A010300150303,2,設計比例與官圖不同，落差明顯
A202508190018,2025-08-20 21:56:55,A010200080804,1,想參與較晚開始的行銷活動
A202508190018,2025-08-29 21:56:55,A010200070403,2,想參與較晚開始的行銷活動
A202508190018,2025-08-23 21:56:55,A010100050903,1,領片挺度不足，整體較為貼合
A202508020003,2025-08-06 01:39:38,A010200100903,3,顏色偏灰，與頁面示意不一致
A202508020003,2025-08-07 01:39:38,A010300110102,1,裙長落點偏高，實穿不如預期
A202508020003,2025-08-07 01:39:38,A010300120202,1,配送延遲超過預期，需要更換處理
A202508160069,2025-08-21 11:03:05,A010200061003,1,配送延遲超過預期
A202508010013,2025-08-09 04:11:50,A010100010503,2,色差明顯，與頁面示意不一致
A202508160043,2025-08-21 06:17:27,A010200100103,3,包裝緩衝不足，摺痕較為明顯
A202508160043,2025-08-25 06:17:27,A010200090304,1,版型不適合
A202508180015,2025-08-20 20:23:38,A010200070402,2,想參與較晚開始的行銷活動
A202508180015,2025-08-23 20:23:38,A010300130604,1,版型不適合
A202508050078,2025-08-09 12:51:01,A010400190504,1,袖口收邊不齊，做工細節影響感受
A202508060056,2025-08-08 18:47:20,A010200070402,1,尺寸過短
A202508040070,2025-08-13 23:11:08,A010400180104,1,釦子固定鬆動，需要更換處理
A202508040070,2025-08-09 23:11:08,A010200101004,2,車線走位不直，近看較為明顯
A202508040070,2025-08-11 23:11:08,A010200070403,3,買錯顏色
A202508090040,2025-08-15 14:30:10,A010400200402,3,肩寬與表格偏差，活動略受限
A202508080027,2025-08-15 19:28:03,A010200060504,2,配送延遲超過預期
A202508030071,2025-08-12 01:02:09,A010400180102,2,尺寸或顏色錯發，請協助處理
A202508190095,2025-08-24 15:33:51,A010400190503,1,布料挺度不足，輪廓較為貼身
A202508190095,2025-08-22 15:33:51,A010200080802,2,拉鍊滑順度普通，偶有頓點
A202508190095,2025-08-22 15:33:51,A010200100102,2,車線走位不直，近看較為明顯
A202508200097,2025-08-23 10:42:22,A010100010502,1,配送延遲超過預期
A202508200097,2025-08-29 10:42:22,A010200091004,1,內裡蓬度不足，整體略顯貼身
A202508050023,2025-08-11 17:58:01,A010100020702,1,顏色偏黃一階，與頁面示意不一致
A202508050023,2025-08-10 17:58:01,A010300130202,1,腰線位置偏高，身形比例不如預期
A202508050023,2025-08-10 17:58:01,A010400200404,1,肩寬與表格偏差，活動略受限
A202508080030,2025-08-09 21:36:50,A010100010104,2,想參與較晚開始的行銷活動
A202508080030,2025-08-16 21:36:50,A010400170804,1,肩寬與表格偏差，活動受限
A202508030096,2025-08-09 23:25:11,A010200100902,1,腳口收邊略鬆，版型不夠俐落
A202508030096,2025-08-07 23:25:11,A010300130104,1,內裡蓬度不足，支撐感不夠
A202508160115,2025-08-17 04:42:19,A010200080803,3,拉鍊滑順度普通，偶有頓點
A202508020024,2025-08-05 23:02:54,A010400180102,1,顏色偏黃一階，與頁面示意不一致
A202508200083,2025-08-23 08:07:29,A010400160704,2,內裡蓬度不足，保型效果偏弱
A202508160102,2025-08-21 07:51:57,A010300141003,2,釦子固定鬆動，需要更換處理
A202508150027,2025-08-24 11:59:11,A010300121004,1,配送延遲超過預期，需要更換處理
A202508080001,2025-08-13 15:23:25,A010200090304,2,顏色寄錯
A202508080001,2025-08-13 15:23:25,A010300121002,1,重複購買
A202508080001,2025-08-12 15:23:25,A010300120802,1,想參與較晚開始的行銷活動
A202508080001,2025-08-14 15:23:25,A010300130103,2,裙長落點不符描述，略顯短
A202508120058,2025-08-14 17:35:27,A010300130603,2,到貨延遲，時效需求已過
A202508120058,2025-08-15 17:35:27,A010100030204,1,帽體挺度不足，輪廓較為貼頭
A202508120045,2025-08-21 18:14:19,A010200091004,1,顏色寄錯
A202508120045,2025-08-16 18:14:19,A010300140304,2,顏色偏黃一階，與頁面示意不一致
A202508070080,2025-08-14 13:13:06,A010100011003,3,領口偏小，頸部不舒服
A202508070080,2025-08-08 13:13:06,A010100050104,3,釦子固定鬆動，需要更換處理
A202508120011,2025-08-18 01:44:57,A010400171004,1,顏色較暗，與商品圖片落差較大
A202508130007,2025-08-14 23:29:40,A010200080604,2,版型不修身，梨型身材看起來很腫
A202508200070,2025-08-22 00:14:42,A010100020202,1,尺寸或顏色錯發，請協助處理
A202508200070,2025-08-26 00:14:42,A010100041002,1,袖口收邊不齊，做工細節影響感受
A202508190026,2025-08-24 19:08:30,A010100020404,1,門襟車線不直，近看較為明顯
A202508060033,2025-08-08 05:08:33,A010300140703,1,布料光澤不足，正式感下降
A202508110017,2025-08-12 06:37:29,A010400200403,2,尺寸或顏色錯發，請協助處理
A202508110017,2025-08-15 06:37:29,A010300110703,2,想參與較晚開始的行銷活動
A202508110017,2025-08-16 06:37:29,A010100030204,1,領口有口紅印
A202508110017,2025-08-17 06:37:29,A010100040102,1,重複購買
A202508180039,2025-08-22 11:41:12,A010300141003,1,門襟車線略歪，近看較為明顯
A202508100099,2025-08-20 05:45:15,A010100011004,1,尺碼標示與實際不符
A202508030027,2025-08-12 12:44:10,A010300141003,2,裙長落點偏長，比例不如預期
A202508200035,2025-08-27 13:52:03,A010400171003,1,水洗位置與照片不同，落差明顯
A202508200035,2025-08-29 13:52:03,A010200090404,1,想參與較晚開始的行銷活動
A202508010040,2025-08-11 08:53:59,A010400180102,3,衣長略長，比例與預期不同
A202508160020,2025-08-26 19:43:37,A010300130604,1,顏色偏灰一階，與頁面示意不一致
A202508090090,2025-08-13 02:19:14,A010400170102,1,想參與較晚開始的行銷活動
A202508170107,2025-08-21 10:26:16,A010100020404,1,想參與較晚開始的行銷活動
A202508170107,2025-08-22 10:26:16,A010300110703,1,尺寸過長
A202508170107,2025-08-18 10:26:16,A010200080703,1,版型不適合
A202508200034,2025-08-26 05:19:13,A010200080803,1,版型偏小，要買大一號
A202508130034,2025-08-20 07:12:27,A010200080704,1,腰頭合身度不足，與表格偏差
A202508130034,2025-08-23 07:12:27,A010100050102,2,門襟車線略歪，近看較為明顯
A202508050081,2025-08-08 12:06:10,A010100030404,1,帽體挺度不足，輪廓較為貼頭
A202508050008,2025-08-12 14:14:35,A010400190504,2,想參與較晚開始的行銷活動
A202508050008,2025-08-13 14:14:35,A010200080804,3,釦子固定鬆動，需要更換處理
A202508190106,2025-08-22 09:13:36,A010100020204,3,袖長較官方數據偏長，比例不佳
A202508190084,2025-08-20 00:42:08,A010400171002,2,衣長與描述不同，比例略顯短
A202508190084,2025-08-26 00:42:08,A010200070104,1,下單後發現沒輸入折扣碼
A202508150101,2025-08-17 08:12:10,A010400200202,1,釦子固定鬆動，需要更換處理
A202508020040,2025-08-11 23:35:27,A010400200204,1,外箱受壓變形，摺痕較為明顯
A202508170064,2025-08-21 22:26:49,A010300120204,2,版型不若官圖俐落，線條略鈍
A202508020063,2025-08-07 01:53:49,A010200070304,1,想參與較晚開始的行銷活動
A202508040034,2025-08-10 06:14:47,A010300110704,1,買錯尺寸
A202508040034,2025-08-14 06:14:47,A010400160704,1,車線走位不直，近看較為明顯
A202508040034,2025-08-10 06:14:47,A010400180104,2,尺寸或顏色錯發，請協助處理
A202508070027,2025-08-08 12:34:31,A010100011004,2,衣長與標示差距，視覺比例不如預期
A202508070027,2025-08-17 12:34:31,A010200080704,1,版型偏小，要買大一號
A202508010044,2025-08-05 01:28:53,A010200101003,2,想參與較晚開始的行銷活動
A202508010044,2025-08-07 01:28:53,A010200080802,1,褲摺線不夠俐落，細節差異明顯
A202508010044,2025-08-10 01:28:53,A010100031004,1,想參與較晚開始的行銷活動
A202508150061,2025-08-18 10:05:51,A010100030203,2,內裡毛會脫毛
A202508180043,2025-08-26 13:20:55,A010400190503,3,衣長略長，比例不如預期
A202508180079,2025-08-23 16:27:19,A010200061004,1,想參與較晚開始的行銷活動
A202508180034,2025-08-21 03:03:02,A010400190504,1,材質蓬鬆度不足，落差較明顯
A202508190101,2025-08-22 01:31:02,A010300130102,1,重複購買
A202508110009,2025-08-18 15:18:41,A010200070303,2,布料挺度不足，版型較易塌陷
A202508110009,2025-08-18 15:18:41,A010200060203,1,配送延遲超過預期
A202508110009,2025-08-15 15:18:41,A010100040303,2,顏色寄錯
A202508010074,2025-08-03 05:06:15,A010300130204,2,內裡蓬度不足，支撐感不夠
A202508050048,2025-08-12 19:41:06,A010400190504,2,材質蓬鬆度不足，落差較明顯
A202508050048,2025-08-06 19:41:06,A010200090402,2,版型不適合
A202508170031,2025-08-21 15:29:10,A010100010504,3,配送延遲超過預期
A202508170031,2025-08-25 15:29:10,A010100040104,2,袖子不同長，左邊比右邊長3公分
A202508170055,2025-08-26 17:26:54,A010300110104,1,買錯顏色
A202508170055,2025-08-23 17:26:54,A010400200902,1,尺寸或顏色錯發，請協助處理
A202508170055,2025-08-19 17:26:54,A010200100902,3,材質顆粒感較明顯，觸感不同
A202508170055,2025-08-20 17:26:54,A010200070404,1,側邊有脫線
A202508110030,2025-08-19 16:27:04,A010300150703,1,布面有色點，近看較為明顯
A202508050096,2025-08-15 06:19:18,A010400160702,3,釦子固定鬆動，細節呈現不一致
A202508050096,2025-08-10 06:19:18,A010100040302,1,顏色偏灰，與頁面示意不一致
A202508150051,2025-08-17 04:28:50,A010300140704,2,尺寸或顏色錯發，請協助處理
A202508110089,2025-08-19 12:20:19,A010200060503,3,口袋車線有問題
A202508110089,2025-08-12 12:20:19,A010300120203,1,褲長略長，身高比例不合適
A202508110089,2025-08-18 12:20:19,A010100020202,3,布料偏軟，挺度不夠
A202508140094,2025-08-16 08:09:51,A010300140304,1,布料光澤不足，正式感下降
A202508140094,2025-08-15 08:09:51,A010100030203,1,重複購買
A202508180021,2025-08-25 03:05:18,A010300150302,1,想參與較晚開始的行銷活動
A202508180021,2025-08-25 03:05:18,A010400190603,1,衣長略長，比例不如預期
A202508180021,2025-08-26 03:05:18,A010100030204,1,重複購買
A202508180021,2025-08-25 03:05:18,A010100050103,1,門襟車線略歪，近看較為明顯
A202508180021,2025-08-20 03:05:18,A010400200902,1,內裡配置偏薄，保暖性不如預期
A202508180093,2025-08-22 17:25:14,A010400180102,1,肩寬與表格偏差，穿著略緊
A202508180093,2025-08-26 17:25:14,A010400180304,1,釦子固定鬆動，需要更換處理
A202508180093,2025-08-28 17:25:14,A010200100103,1,腰圍彈性表現不足，舒適度不佳
A202508180093,2025-08-26 17:25:14,A010400200902,2,布料光澤不足，機能感較弱
A202508020080,2025-08-10 15:00:02,A010300110104,2,買錯尺寸
A202508020080,2025-08-10 15:00:02,A010300121003,1,拉鍊滑順度不足，穿脫不夠順暢
A202508100080,2025-08-12 12:13:43,A010200100103,2,口袋深度不足，使用受限
A202508100080,2025-08-11 12:13:43,A010300140303,1,門襟車線略歪，近看較為明顯
A202508110002,2025-08-17 10:19:15,A010100030402,3,袖長偏長，穿著比例不如預期
A202508020014,2025-08-03 21:20:24,A010200080803,2,版型不適合
A202508030041,2025-08-08 19:21:35,A010400171002,1,包裝緩衝不足，摺痕較為明顯
A202508100036,2025-08-19 05:41:23,A010400200403,1,尺寸或顏色錯發，請協助處理
A202508100036,2025-08-17 05:41:23,A010100020402,1,想參與較晚開始的行銷活動
A202508180012,2025-08-26 03:48:06,A010100040303,3,版型不符期望
A202508180012,2025-08-24 03:48:06,A010300140702,2,內裡配置不足，貼身感較明顯
A202508140072,2025-08-21 21:48:09,A010200080602,2,版型偏小，要買大一號
A202508140072,2025-08-24 21:48:09,A010400160903,1,想參與較晚開始的行銷活動
A202508130002,2025-08-16 03:27:39,A010300141004,2,門襟車線略歪，近看較為明顯
A202508080020,2025-08-11 04:39:19,A010300110902,1,領口深度較淺，風格差異明顯
A202508080020,2025-08-16 04:39:19,A010300130104,3,布面微起粒感，質感與描述不同
A202508080020,2025-08-14 04:39:19,A010100040303,3,想參與較晚開始的行銷活動
A202508100081,2025-08-19 00:20:01,A010100010104,1,收到商品有異味
A202508100081,2025-08-14 00:20:01,A010300130204,2,下擺收邊不齊，近看較為明顯
A202508070022,2025-08-12 18:17:18,A010200080703,3,尺寸寄錯
A202508160041,2025-08-25 02:53:52,A010100020203,3,肩寬與表格偏差，穿著略顯緊繃
A202508090082,2025-08-11 00:46:25,A010200100102,1,顏色偏灰，與頁面示意不一致
A202508090082,2025-08-17 00:46:25,A010200070103,1,側邊有脫線
A202508090082,2025-08-19 00:46:25,A010400180103,3,肩寬與表格偏差，穿著略緊
A202508090082,2025-08-14 00:46:25,A010400200402,3,布料光澤不足，機能感較弱
A202508190087,2025-08-21 10:34:11,A010400170802,2,車線走位不直，近看較為明顯
A202508190087,2025-08-29 10:34:11,A010200091003,1,想參與較晚開始的行銷活動
A202508190099,2025-08-29 21:14:53,A010300130104,1,顏色偏灰一階，與頁面示意不一致
A202508190099,2025-08-21 21:14:53,A010400170102,1,拉鍊滑順度一般，偶有頓點
A202508190099,2025-08-29 21:14:53,A010400171003,2,拉鍊滑順度一般，偶有頓點
A202508190099,2025-08-27 21:14:53,A010400160703,1,想參與較晚開始的行銷活動
A202508170097,2025-08-23 08:19:49,A010400180902,1,想參與較晚開始的行銷活動
A202508190029,2025-08-28 10:44:13,A010300110104,1,側邊有脫線
A202508080088,2025-08-13 00:43:28,A010100020203,2,圖案位置與照片不同，落差較明顯
A202508080088,2025-08-14 00:43:28,A010400170102,2,釦子固定鬆動，需要更換處理
A202508080088,2025-08-10 00:43:28,A010400180302,1,想參與較晚開始的行銷活動
A202508080088,2025-08-11 00:43:28,A010300130204,1,腰線位置偏高，身形比例不如預期
A202508180048,2025-08-19 03:55:17,A010200101003,1,布料透氣性低於預期，悶熱感明顯
A202508030079,2025-08-12 10:23:57,A010100030404,1,內裡毛會脫毛
A202508030079,2025-08-11 10:23:57,A010100011004,2,衣長與標示差距，視覺比例不如預期
A202508190064,2025-08-28 06:35:40,A010200091004,1,拉鏈結構未設計，不便穿脫
A202508070005,2025-08-12 22:46:10,A010300150304,1,布面有色點，近看較為明顯
A202508070005,2025-08-15 22:46:10,A010200080802,1,顏色偏黃一階，與頁面示意不一致
A202508020065,2025-08-12 18:24:55,A010100050904,1,門襟車線略歪，近看較為明顯
A202508140035,2025-08-17 09:59:43,A010300150503,1,上衣與下身版型不協調，比例不佳
A202508030092,2025-08-06 10:06:16,A010400160604,1,拉鍊滑順度不足，需要更換處理
A202508030092,2025-08-04 10:06:16,A010300140703,1,釦子固定鬆動，需要更換處理
A202508120010,2025-08-14 02:58:18,A010300120202,1,褲長略長，身高比例不合適
A202508140012,2025-08-15 03:50:55,A010400160704,1,外箱受壓變形，摺痕較為明顯
A202508140012,2025-08-24 03:50:55,A010100010104,2,想參與較晚開始的行銷活動
A202508140012,2025-08-23 03:50:55,A010300140303,1,釦子固定鬆動，需要更換處理
A202508140012,2025-08-21 03:50:55,A010300110704,3,腰線位置與官圖不同，比例不佳
A202508130102,2025-08-21 17:43:28,A010400190502,1,材質蓬鬆度不足，落差較明顯
A202508130102,2025-08-15 17:43:28,A010100040304,1,包裝緩衝不足，折痕較深
A202508010075,2025-08-02 22:25:02,A010200090402,2,尺寸寄錯
A202508010075,2025-08-10 22:25:02,A010400200904,1,拉鍊滑順度不足，穿脫不夠順暢
A202508070004,2025-08-16 06:37:35,A010200100904,2,材質顆粒感較明顯，觸感不同
A202508030066,2025-08-10 07:05:56,A010400200204,1,壓線不夠平整，近看較為明顯
A202508170119,2025-08-25 12:45:39,A010400200202,2,衣長略長，運動比例不如預期
A202508060088,2025-08-08 12:25:53,A010200070403,3,布面有色點，近看較為明顯
A202508060088,2025-08-13 12:25:53,A010200100903,2,包裝緩衝不足，摺痕較為明顯
A202508050029,2025-08-09 01:33:14,A010400200403,2,衣長略長，運動比例不如預期
A202508050029,2025-08-06 01:33:14,A010400160604,1,布料挺度不足，撐度略顯不足
A202508130004,2025-08-16 01:56:50,A010400170102,1,布料硬挺度偏高，舒適度較低
A202508130004,2025-08-17 01:56:50,A010300140703,1,裙長落點偏長，比例不如預期
A202508020033,2025-08-04 17:26:44,A010300120802,1,配送延遲超過預期，需要更換處理
A202508020033,2025-08-11 17:26:44,A010100010104,3,顏色較暗，與商品圖片落差較大
A202508020033,2025-08-05 17:26:44,A010100010503,3,下擺收邊不齊，與頁面示意不一致
A202508150035,2025-08-25 08:57:08,A010300110904,2,買錯尺寸
A202508150035,2025-08-22 08:57:08,A010100040304,1,有勾線跑出破了一個洞
A202508150035,2025-08-19 08:57:08,A010100010503,1,色差明顯，與頁面示意不一致
A202508180013,2025-08-21 07:30:25,A010100030404,2,收到商品有異味
A202508110091,2025-08-20 11:21:21,A010200090303,1,顏色寄錯
A202508040073,2025-08-11 20:27:17,A010200090402,2,布面有色點，近看較為明顯
A202508110068,2025-08-17 03:10:39,A010300140302,1,門襟車線略歪，近看較為明顯
A202508110068,2025-08-13 03:10:39,A010100050904,1,肩寬與表格偏差，穿著不夠合身
A202508110068,2025-08-12 03:10:39,A010400160703,3,顏色偏灰一階，與頁面示意不一致
A202508110065,2025-08-16 23:17:37,A010300140702,3,尺寸或顏色錯發，請協助處理
A202508190052,2025-08-24 15:44:03,A010100020704,1,袖長較官方數據偏長，比例不佳
A202508200077,2025-08-21 19:38:39,A010400180103,1,想參與較晚開始的行銷活動
A202508200077,2025-08-28 19:38:39,A010200070302,1,腰圍標示與實際不符，活動受限
A202508160049,2025-08-23 04:24:42,A010100030404,1,顏色較暗，與商品圖片落差較大
A202508160049,2025-08-19 04:24:42,A010200080704,1,顏色寄錯
A202508160049,2025-08-26 04:24:42,A010300150303,1,內裡蓬度不足，正式感不足
A202508160049,2025-08-19 04:24:42,A010100040102,1,配送時間超過預期，現在不想穿了
A202508080007,2025-08-12 03:50:45,A010100031004,2,顏色較暗，與商品圖片落差較大
A202508090045,2025-08-19 17:04:24,A010300130102,1,領口開度較窄，風格差異明顯
A202508200021,2025-08-25 08:10:59,A010200100104,3,褲長偏長，活動比例不如預期
A202508200021,2025-08-21 08:10:59,A010100030402,1,印刷邊緣略糊，近看較為明顯
A202508150105,2025-08-17 15:30:53,A010200090303,2,布料挺度不足，垂墜感不如預期
A202508150105,2025-08-25 15:30:53,A010200060502,2,車線走位不直，近看較為明顯
A202508200090,2025-08-29 13:26:55,A010400180103,1,釦子固定鬆動，需要更換處理
A202508200090,2025-08-23 13:26:55,A010100050702,1,顏色較暗，與商品圖片落差較大
A202508200090,2025-08-24 13:26:55,A010100050904,1,想參與較晚開始的行銷活動
A202508110099,2025-08-21 21:33:20,A010100030203,1,材質粗糙，穿得不舒服，質感不如預期
A202508010022,2025-08-06 02:01:03,A010300110903,2,尺寸或顏色錯發，請協助處理
A202508130014,2025-08-18 04:20:29,A010400160904,1,拉鍊滑順度不足，需要更換處理
A202508100002,2025-08-13 04:51:36,A010400190602,1,顏色偏灰一階，與頁面示意不一致
A202508100002,2025-08-11 04:51:36,A010400171004,2,拉鍊滑順度一般，偶有頓點
A202508110055,2025-08-15 04:09:58,A010300120802,1,版型不適合
A202508160099,2025-08-20 22:46:58,A010300150703,1,上衣與下身版型不協調，比例不佳
A202508160099,2025-08-17 22:46:58,A010400190503,1,配送延遲超過預期，需要更換處理
A202508170071,2025-08-27 23:53:16,A010200100904,1,配送延遲超過預期
A202508180077,2025-08-27 03:36:37,A010300140702,1,裙長落點偏長，比例不如預期
A202508180047,2025-08-21 20:17:21,A010300130202,2,到貨延遲，時效需求已過
A202508170105,2025-08-26 23:50:22,A010400180304,1,內裡蓬度不足，支撐度不夠
A202508150036,2025-08-16 04:43:15,A010400160602,1,車線走位不直，近看較為明顯
A202508140007,2025-08-18 18:38:57,A010400191004,3,顏色偏灰一階，與頁面示意不一致
A202508140007,2025-08-20 18:38:57,A010200080803,3,版型不修身，梨型身材看起來很腫
A202508140007,2025-08-18 18:38:57,A010400160704,1,衣長較長，穿著比例不如預期
A202508070044,2025-08-10 12:14:03,A010200060204,1,尺寸過小
A202508120097,2025-08-19 23:55:40,A010300110103,1,裙長落點偏高，實穿不如預期
A202508120097,2025-08-17 23:55:40,A010200080602,1,褲長需再修，實際比例不如預期
A202508150038,2025-08-24 17:43:26,A010100020403,2,衣長較長，紮衣輪廓與期待不同
A202508060093,2025-08-11 09:53:24,A010300110102,2,下擺收邊不齊，近看較為明顯
A202508060093,2025-08-11 09:53:24,A010100020703,2,尺寸或顏色錯發，請協助處理
A202508150083,2025-08-18 02:30:20,A010400170804,1,水洗位置與照片不同，落差明顯
A202508150083,2025-08-16 02:30:20,A010300140304,1,想參與較晚開始的行銷活動
A202508110006,2025-08-18 17:19:07,A010200070102,1,布面有色點，近看較為明顯
A202508110006,2025-08-13 17:19:07,A010200080603,1,版型不適合
A202508110006,2025-08-20 17:19:07,A010200060202,1,腰圍量測值不符，實穿略緊
A202508020012,2025-08-05 09:13:08,A010300150302,3,布面有色點，近看較為明顯
A202508020012,2025-08-06 09:13:08,A010400200402,1,內裡配置偏薄，保暖性不如預期
A202508150075,2025-08-23 07:27:50,A010100030402,2,內裡壓線不平，穿著觸感不佳
A202508180046,2025-08-28 14:35:16,A010100040102,1,織目不均，近看細節較為明顯
A202508180046,2025-08-28 14:35:16,A010400171004,1,水洗位置與照片不同，落差明顯
A202508180046,2025-08-21 14:35:16,A010200060504,2,水洗位置與照片不同，落差明顯
A202508140033,2025-08-19 10:07:52,A010200070303,2,釦子對位略偏，固定度不足
A202508190013,2025-08-27 08:24:45,A010300110702,1,買錯顏色
A202508200071,2025-08-23 15:04:14,A010300150304,1,布面有色點，近看較為明顯
A202508200071,2025-08-28 15:04:14,A010100031004,1,袖長偏長，穿著比例不如預期
A202508040017,2025-08-10 02:20:16,A010400160603,2,衣長較長，穿著比例不如預期
A202508040017,2025-08-13 02:20:16,A010400200202,1,顏色較暗，與商品圖片落差較大
A202508180073,2025-08-27 04:01:51,A010300110102,1,側邊有脫線
A202508180073,2025-08-25 04:01:51,A010100010104,2,標示寬鬆實際較合身，比例不如預期
A202508180073,2025-08-24 04:01:51,A010100031004,1,下擺收邊不齊，細節呈現不一致
A202508180073,2025-08-21 04:01:51,A010100050104,1,尺寸寄錯
A202508040026,2025-08-07 07:19:05,A010400171002,2,顏色較暗，與商品圖片落差較大
A202508120102,2025-08-22 20:23:33,A010200091003,1,布面有色點，近看較為明顯
A202508120102,2025-08-18 20:23:33,A010100040102,2,重複購買
A202508120055,2025-08-18 14:28:33,A010400190604,1,想參與較晚開始的行銷活動
A202508120055,2025-08-20 14:28:33,A010300110902,2,領口深度較淺，風格差異明顯
A202508020085,2025-08-05 03:10:41,A010300141002,1,想參與較晚開始的行銷活動
A202508120076,2025-08-21 10:44:36,A010100040104,1,收到商品有異味
A202508120076,2025-08-20 10:44:36,A010300130102,3,領口開度較窄，風格差異明顯
A202508010065,2025-08-05 14:57:35,A010400180303,1,肩寬與表格偏差，穿著略緊
A202508150069,2025-08-22 09:18:17,A010200100902,2,腳口收邊略鬆，版型不夠俐落
A202508050069,2025-08-15 06:38:26,A010300110904,2,買錯顏色
A202508110015,2025-08-14 09:38:15,A010400200404,2,肩寬與表格偏差，活動略受限
A202508020079,2025-08-06 04:46:46,A010100010504,2,收到商品有異味
A202508020079,2025-08-09 04:46:46,A010200100902,3,配送延遲超過預期
A202508080016,2025-08-15 18:16:06,A010200100904,1,包裝緩衝不足，摺痕較為明顯
A202508160016,2025-08-17 03:22:47,A010200101004,2,腳口收邊略鬆，版型不夠俐落
A202508160016,2025-08-20 03:22:47,A010100011004,1,重複購買
A202508090015,2025-08-16 01:56:25,A010100011003,3,標示寬鬆實際較合身，比例不如預期
A202508090015,2025-08-16 01:56:25,A010300140702,1,肩寬與表格偏差，穿著略顯緊繃
A202508090015,2025-08-14 01:56:25,A010100010504,3,顏色較暗，與商品圖片落差較大
A202508130039,2025-08-17 13:45:44,A010400200902,2,布料光澤不足，機能感較弱
A202508050067,2025-08-10 21:36:15,A010300110702,1,裙長落點偏高，實穿不如預期
A202508170093,2025-08-22 11:43:12,A010400180902,1,布料光澤不足，正式感下降
A202508180055,2025-08-27 11:18:32,A010300150702,3,顏色較暗，與商品圖片落差較大
A202508180055,2025-08-26 11:18:32,A010100030404,1,版型偏大，肩線位置偏高不合身
A202508180055,2025-08-28 11:18:32,A010200090403,2,內裡蓬度不足，整體略顯貼身
A202508040065,2025-08-06 18:01:18,A010100030202,2,材質粗糙，穿得不舒服，質感不如預期
A202508040065,2025-08-12 18:01:18,A010200061002,2,想參與較晚開始的行銷活動
A202508040065,2025-08-07 18:01:18,A010400200202,2,顏色較暗，與商品圖片落差較大
A202508040065,2025-08-08 18:01:18,A010400160904,1,拉鍊滑順度不足，需要更換處理
A202508110059,2025-08-12 14:23:52,A010300121004,1,收到商品有異味
A202508110073,2025-08-21 05:54:37,A010400180102,1,想參與較晚開始的行銷活動
A202508040013,2025-08-12 12:41:48,A010100030202,1,袖長偏長，穿著比例不如預期
A202508110067,2025-08-14 01:21:50,A010400170103,3,肩寬與表格偏差，活動受限
A202508130081,2025-08-18 17:05:35,A010100020702,2,布料偏軟，挺度不夠
A202508100020,2025-08-13 06:06:40,A010300130203,1,下擺收邊不齊，近看較為明顯
A202508100020,2025-08-12 06:06:40,A010100050103,1,門襟車線略歪，近看較為明顯
A202508090025,2025-08-18 18:19:56,A010100050104,1,門襟車線略歪，近看較為明顯
A202508090025,2025-08-10 18:19:56,A010300140304,1,裙長落點偏長，比例不如預期
A202508120034,2025-08-17 08:55:26,A010300120202,1,布面有色點，近看較為明顯
A202508170072,2025-08-22 02:19:14,A010300120202,2,內裡配置不足，貼身感偏明顯
A202508170072,2025-08-23 02:19:14,A010300140304,1,裙長落點偏長，比例不如預期
A202508170072,2025-08-24 02:19:14,A010100030404,1,收到商品有異味
A202508170072,2025-08-24 02:19:14,A010300120204,1,版型不適合
A202508200040,2025-08-24 04:40:12,A010200080802,2,褲長需再修，實際比例不如預期
A202508200040,2025-08-29 04:40:12,A010300110702,1,內裡蓬度不足，輔形支撐略弱
A202508200050,2025-08-24 09:53:14,A010300110102,1,釦子固定鬆動，需要更換處理
A202508180003,2025-08-24 11:18:52,A010100020403,1,門襟車線不直，近看較為明顯
A202508120028,2025-08-16 04:07:10,A010400160603,1,肩線位置偏高，版型不夠俐落
A202508120028,2025-08-13 04:07:10,A010100010102,1,下擺收邊不齊，與頁面示意不一致
A202508170067,2025-08-18 05:15:20,A010300140703,1,內裡配置不足，貼身感較明顯
A202508150095,2025-08-17 17:43:07,A010100020203,2,布料偏軟，挺度不夠
A202508150095,2025-08-25 17:43:07,A010200101003,1,包裝緩衝不足，摺痕較為明顯
A202508010053,2025-08-07 11:14:11,A010300141004,3,裙長落點偏長，比例不如預期
A202508200019,2025-08-26 09:38:36,A010400171002,1,包裝緩衝不足，摺痕較為明顯
A202508200019,2025-08-23 09:38:36,A010100030202,1,帽體挺度不足，輪廓較為貼頭
A202508200019,2025-08-24 09:38:36,A010200070304,2,想參與較晚開始的行銷活動
A202508160017,2025-08-24 18:31:02,A010300130603,2,裙子太長，會拖地
A202508100003,2025-08-15 17:49:25,A010100031004,1,想參與較晚開始的行銷活動
A202508100003,2025-08-19 17:49:25,A010200101002,1,配送延遲超過預期
A202508080023,2025-08-18 23:34:49,A010300150302,1,顏色較暗，與商品圖片落差較大
A202508080023,2025-08-16 23:34:49,A010400200902,3,布料光澤不足，機能感較弱
A202508080023,2025-08-11 23:34:49,A010400180304,2,衣長略長，比例與預期不同
A202508040075,2025-08-06 15:13:05,A010200080802,2,褲長需再修，實際比例不如預期
A202508020011,2025-08-11 02:14:19,A010100050902,2,想參與較晚開始的行銷活動
A202508020011,2025-08-10 02:14:19,A010400200902,1,尺寸或顏色錯發，請協助處理
A202508020011,2025-08-05 02:14:19,A010300120804,2,釦子固定鬆動，需要更換處理
A202508140070,2025-08-17 16:10:18,A010100020204,3,釦子固定鬆動，需要更換處理
A202508140070,2025-08-22 16:10:18,A010400190603,2,設計比例與官圖不同，落差明顯
A202508140070,2025-08-15 16:10:18,A010100041002,2,袖口收邊不齊，做工細節影響感受
A202508140070,2025-08-19 16:10:18,A010100040302,1,袖口收邊不齊，做工細節影響感受
A202508170049,2025-08-19 10:22:59,A010400160602,1,外箱受壓變形，摺痕較為明顯
A202508170049,2025-08-19 10:22:59,A010100040304,1,版型不符期望
A202508170049,2025-08-22 10:22:59,A010200080703,3,想參與較晚開始的行銷活動
A202508170049,2025-08-19 10:22:59,A010200090304,1,布料挺度不足，垂墜感不如預期
A202508040002,2025-08-09 17:29:23,A010100050104,1,顏色寄錯
A202508170007,2025-08-19 17:47:15,A010200070404,1,顏色較暗，與商品圖片落差較大
A202508170007,2025-08-26 17:47:15,A010100010103,3,收到商品有異味
A202508150107,2025-08-25 13:59:46,A010100020404,1,尺寸或顏色錯發，請協助處理
A202508150107,2025-08-20 13:59:46,A010100050102,1,想參與較晚開始的行銷活動
A202508150107,2025-08-24 13:59:46,A010400180303,2,肩寬與表格偏差，穿著略緊
A202508150107,2025-08-23 13:59:46,A010400200202,2,外箱受壓變形，摺痕較為明顯
A202508030012,2025-08-11 10:42:40,A010300110904,1,買錯尺寸
A202508030012,2025-08-06 10:42:40,A010200080804,1,腰頭合身度不足，與表格偏差
A202508090031,2025-08-10 21:19:45,A010100040303,1,配送時間超過預期，現在不想穿了
A202508160033,2025-08-24 19:55:55,A010300140702,1,想參與較晚開始的行銷活動
A202508160033,2025-08-19 19:55:55,A010100020702,1,衣長較長，紮衣輪廓與期待不同
A202508060098,2025-08-12 08:28:38,A010400170102,1,釦子固定鬆動，需要更換處理
A202508100069,2025-08-18 12:53:43,A010200100104,1,腰圍彈性表現不足，舒適度不佳
A202508050004,2025-08-15 17:02:49,A010400200402,1,想參與較晚開始的行銷活動
A202508200069,2025-08-21 11:08:07,A010300150704,1,布面有色點，近看較為明顯
A202508200069,2025-08-25 11:08:07,A010300140702,1,顏色偏黃一階，與頁面示意不一致
A202508200069,2025-08-23 11:08:07,A010400190503,1,衣長略長，比例不如預期
A202508200069,2025-08-29 11:08:07,A010200090403,1,裙子太長，會拖地
A202508200069,2025-08-27 11:08:07,A010400171004,1,包裝緩衝不足，摺痕較為明顯
A202508050080,2025-08-13 14:39:30,A010100020704,3,袖長較官方數據偏長，比例不佳
A202508050080,2025-08-06 14:39:30,A010300140303,2,門襟車線略歪，近看較為明顯
A202508050089,2025-08-12 04:00:51,A010400200202,1,內裡配置偏薄，保暖性不如預期
A202508050089,2025-08-15 04:00:51,A010200060204,1,配送延遲超過預期
A202508050089,2025-08-07 04:00:51,A010400180104,2,想參與較晚開始的行銷活動
A202508150076,2025-08-17 04:21:17,A010300141003,1,釦子固定鬆動，需要更換處理
A202508110074,2025-08-17 16:40:15,A010100050702,3,尺寸寄錯
A202508090041,2025-08-15 00:49:36,A010400160704,1,內裡蓬度不足，保型效果偏弱
A202508090041,2025-08-11 00:49:36,A010400200902,1,壓線不夠平整，近看較為明顯
A202508090041,2025-08-14 00:49:36,A010200100904,1,想參與較晚開始的行銷活動
A202508030017,2025-08-11 13:35:14,A010100011002,2,色差明顯，與頁面示意不一致
A202508030017,2025-08-11 13:35:14,A010100030203,2,收到商品有異味
A202508150043,2025-08-19 21:49:19,A010200080704,2,想參與較晚開始的行銷活動
A202508200082,2025-08-28 03:52:10,A010100030403,1,內裡壓線不平，穿著觸感不佳
A202508200082,2025-08-21 03:52:10,A010100020702,2,尺寸或顏色錯發，請協助處理
A202508110027,2025-08-21 21:37:03,A010100050102,1,布料透度高於預期，使用情境受限
A202508030029,2025-08-10 22:13:34,A010300110704,2,包裝緩衝不足，摺痕較為明顯
A202508030029,2025-08-10 22:13:34,A010100020402,2,買錯顏色
A202508090018,2025-08-18 19:42:50,A010100010504,2,腋下車線有問題
A202508090018,2025-08-12 19:42:50,A010300150502,1,想參與較晚開始的行銷活動
A202508010076,2025-08-03 19:01:39,A010200080703,2,拉鍊滑順度普通，偶有頓點
A202508020062,2025-08-10 20:58:32,A010300130203,2,裙長落點不符描述，略顯短
A202508020062,2025-08-05 20:58:32,A010300110704,1,下擺收邊不齊，近看較為明顯
A202508020062,2025-08-09 20:58:32,A010200070402,2,褲長偏短，穿著比例不如預期
A202508030011,2025-08-07 12:04:28,A010100020402,1,布料偏軟，挺度不夠
A202508030011,2025-08-06 12:04:28,A010200070304,1,拉鍊滑順度不足，需要更換處理
A202508070046,2025-08-08 19:53:33,A010100030404,1,重複購買
A202508190072,2025-08-21 01:58:02,A010200090403,1,裙子太長，會拖地
A202508090039,2025-08-14 16:20:47,A010300110102,1,內裡蓬度不足，輔形支撐略弱
A202508090039,2025-08-16 16:20:47,A010100020403,2,釦子固定鬆動，需要更換處理
A202508090039,2025-08-16 16:20:47,A010300110104,1,內裡蓬度不足，輔形支撐略弱
A202508120052,2025-08-18 20:51:25,A010400160604,2,尺寸或顏色錯發，請協助處理
A202508120052,2025-08-13 20:51:25,A010100050104,1,顏色較暗，與商品圖片落差較大
A202508180082,2025-08-19 13:44:47,A010200080704,1,拉鍊滑順度普通，偶有頓點
A202508060067,2025-08-13 11:37:41,A010400180303,1,想參與較晚開始的行銷活動
A202508060067,2025-08-09 11:37:41,A010200080704,1,版型不適合
A202508060014,2025-08-12 07:09:30,A010200060204,1,尺寸過小
A202508060014,2025-08-12 07:09:30,A010200080703,1,拉鍊滑順度普通，偶有頓點
A202508020049,2025-08-09 09:00:37,A010300150304,1,想參與較晚開始的行銷活動
A202508160117,2025-08-17 00:56:08,A010200070304,2,側邊有脫線
A202508160117,2025-08-24 00:56:08,A010300120803,1,配送延遲超過預期，需要更換處理
A202508190098,2025-08-28 18:40:10,A010100020403,1,布料偏軟，挺度不夠
A202508100085,2025-08-19 17:11:34,A010100020204,1,袖長較官方數據偏長，比例不佳
A202508060062,2025-08-10 21:23:31,A010400190604,2,袖口收邊不齊，做工細節影響感受
A202508060062,2025-08-11 21:23:31,A010300110703,2,包裝緩衝不足，摺痕較為明顯
A202508060062,2025-08-12 21:23:31,A010400180902,1,肩寬與表格偏差，穿著略緊
A202508200072,2025-08-30 01:40:08,A010300140702,2,裙長落點偏長，比例不如預期
A202508180044,2025-08-21 14:32:30,A010100050903,2,釦子固定鬆動，需要更換處理
A202508180044,2025-08-25 14:32:30,A010400160904,2,車線走位不直，近看較為明顯
A202508100072,2025-08-11 13:33:50,A010200070404,2,買錯顏色
A202508010020,2025-08-07 20:04:03,A010100030403,2,袖長偏長，穿著比例不如預期
A202508010020,2025-08-05 20:04:03,A010100050104,2,門襟車線略歪，近看較為明顯
A202508110020,2025-08-15 00:05:03,A010200101002,1,腰圍彈性表現不足，舒適度不佳
A202508200009,2025-08-24 00:51:08,A010300141003,1,想參與較晚開始的行銷活動
A202508200009,2025-08-29 00:51:08,A010400180103,1,領面挺度不足，輪廓不夠俐落
A202508200009,2025-08-27 00:51:08,A010100020703,1,袖長較官方數據偏長，比例不佳
A202508200009,2025-08-22 00:51:08,A010200080803,1,顏色寄錯
A202508200009,2025-08-30 00:51:08,A010100011002,1,標示寬鬆實際較合身，比例不如預期
A202508020076,2025-08-09 04:10:48,A010300110704,1,顏色偏黃一階，與頁面示意不一致
A202508050010,2025-08-11 08:31:14,A010200080604,1,尺寸寄錯
A202508120066,2025-08-16 12:01:47,A010400200402,2,衣長略長，運動比例不如預期
A202508120066,2025-08-21 12:01:47,A010200061002,2,版型不符預期
A202508120066,2025-08-16 12:01:47,A010100020402,1,釦子固定鬆動，需要更換處理
A202508200089,2025-08-28 08:04:24,A010400180902,1,想參與較晚開始的行銷活動
A202508190069,2025-08-28 02:47:38,A010400180304,3,尺寸或顏色錯發，請協助處理
A202508120040,2025-08-14 08:34:27,A010400200902,1,布料光澤不足，機能感較弱
A202508120040,2025-08-21 08:34:27,A010300150703,1,想參與較晚開始的行銷活動
A202508040049,2025-08-07 11:26:04,A010400180903,2,肩寬與表格偏差，穿著略緊
A202508150031,2025-08-16 04:18:15,A010300110102,1,顏色偏黃一階，與頁面示意不一致
A202508090043,2025-08-16 22:36:28,A010400200202,1,肩寬與表格偏差，活動略受限
A202508150086,2025-08-19 11:17:32,A010300120202,3,拉鍊滑順度不足，穿脫不夠順暢
A202508150086,2025-08-21 11:17:32,A010400160602,3,外箱受壓變形，摺痕較為明顯
A202508050055,2025-08-08 04:21:07,A010300130103,1,布面微起粒感，質感與描述不同
A202508050055,2025-08-06 04:21:07,A010300110904,2,顏色偏黃一階，與頁面示意不一致
A202508130086,2025-08-17 01:13:07,A010300150504,1,車線走位不直，細節呈現不一致
A202508130086,2025-08-18 01:13:07,A010200061002,1,腰圍量測值不符，實穿略緊
A202508070064,2025-08-14 09:23:27,A010200061004,3,褲長與標示差距，比例不如預期
A202508070064,2025-08-14 09:23:27,A010400170804,1,衣長與描述不同，比例略顯短
A202508070064,2025-08-13 09:23:27,A010100020404,3,釦子固定鬆動，需要更換處理
A202508070064,2025-08-15 09:23:27,A010200060203,1,尺寸過小
A202508090048,2025-08-18 01:44:19,A010100050904,1,門襟車線略歪，近看較為明顯
A202508090048,2025-08-12 01:44:19,A010300130204,2,領口開度較窄，風格差異明顯
A202508090048,2025-08-17 01:44:19,A010300150304,1,尺寸組合不理想，合身度不足
A202508140091,2025-08-17 09:25:01,A010400160603,3,釦子固定鬆動，細節呈現不一致
A202508140091,2025-08-16 09:25:01,A010400190503,2,顏色偏灰一階，與頁面示意不一致
A202508080080,2025-08-12 18:45:01,A010400180903,2,衣長略長，比例與預期不同
A202508080080,2025-08-10 18:45:01,A010300150503,1,內裡蓬度不足，正式感不足
A202508170017,2025-08-24 04:13:54,A010100020404,1,收到商品有異味
A202508160028,2025-08-25 12:41:22,A010300140302,1,門襟車線略歪，近看較為明顯
A202508050001,2025-08-10 15:44:35,A010300150303,1,包裝緩衝不足，摺痕較為明顯
A202508200003,2025-08-26 05:43:45,A010200080603,1,內裡壓線不平，穿著觸感受影響
A202508180014,2025-08-22 21:28:41,A010200080803,1,版型偏小，要買大一號
A202508180014,2025-08-25 21:28:41,A010300130602,3,想參與較晚開始的行銷活動
A202508130083,2025-08-20 22:16:15,A010300150502,2,釦子固定鬆動，需要更換處理
A202508130083,2025-08-19 22:16:15,A010400200904,1,內裡配置偏薄，保暖性不如預期
A202508050007,2025-08-10 16:52:54,A010100020704,1,袖長較官方數據偏長，比例不佳
A202508050007,2025-08-07 16:52:54,A010300130203,3,想參與較晚開始的行銷活動
A202508050007,2025-08-13 16:52:54,A010400191004,2,包裝緩衝不足，摺痕較為明顯
A202508050007,2025-08-06 16:52:54,A010200100904,3,顏色偏灰，與頁面示意不一致
A202508040061,2025-08-08 13:33:46,A010400200202,2,想參與較晚開始的行銷活動
A202508040061,2025-08-07 13:33:46,A010200100102,3,包裝緩衝不足，摺痕較為明顯
A202508110095,2025-08-18 19:49:03,A010100050703,1,版型偏直筒，腰身不如官圖
A202508110095,2025-08-21 19:49:03,A010300121003,2,想參與較晚開始的行銷活動
A202508110095,2025-08-21 19:49:03,A010300110902,1,買錯顏色
A202508140013,2025-08-19 10:36:30,A010100040104,1,重複購買
A202508140013,2025-08-16 10:36:30,A010300141003,2,裙長落點偏長，比例不如預期
A202508200080,2025-08-29 13:59:02,A010300110103,1,想參與較晚開始的行銷活動
A202508200080,2025-08-30 13:59:02,A010400200204,1,衣長略長，運動比例不如預期
A202508040038,2025-08-11 10:10:07,A010200061004,1,腰圍量測值不符，實穿略緊
A202508040038,2025-08-05 10:10:07,A010100041002,1,版型偏窄，實穿與標示寬鬆不同
A202508050028,2025-08-10 07:45:40,A010100011002,2,領口偏小，頸部不舒服
A202508050028,2025-08-15 07:45:40,A010200070102,2,想參與較晚開始的行銷活動
A202508180086,2025-08-19 13:18:51,A010200080603,2,想參與較晚開始的行銷活動
A202508100073,2025-08-18 18:46:19,A010300120803,1,重複購買
A202508100073,2025-08-15 18:46:19,A010100011004,2,重複購買
A202508130069,2025-08-15 05:16:53,A010100020404,2,衣長較長，紮衣輪廓與期待不同
A202508130069,2025-08-22 05:16:53,A010300130604,2,顏色偏灰一階，與頁面示意不一致
A202508130069,2025-08-14 05:16:53,A010400160703,1,車線走位不直，近看較為明顯
A202508070043,2025-08-12 07:32:59,A010400170804,1,配送延遲超過預期，需要更換處理
A202508070043,2025-08-10 07:32:59,A010200080804,1,尺寸寄錯
A202508150042,2025-08-18 23:40:10,A010200070403,2,想參與較晚開始的行銷活動
A202508030047,2025-08-11 11:04:47,A010200091004,1,布面有色點，近看較為明顯
A202508030047,2025-08-09 11:04:47,A010200101004,1,車線走位不直，近看較為明顯
A202508160039,2025-08-25 07:54:16,A010400180102,2,顏色偏黃一階，與頁面示意不一致
A202508080033,2025-08-12 15:41:40,A010100041004,3,包裝緩衝不足，折痕較深
A202508080033,2025-08-17 15:41:40,A010400180102,1,領面挺度不足，輪廓不夠俐落
A202508120001,2025-08-16 21:52:08,A010100010503,2,想參與較晚開始的行銷活動
A202508160091,2025-08-22 18:43:09,A010100020703,2,肩寬與表格偏差，穿著略顯緊繃
A202508130051,2025-08-20 15:57:53,A010100040304,1,領口鬆度偏大，輪廓較不俐落
A202508100035,2025-08-12 17:47:59,A010200090302,1,尺寸寄錯
A202508090062,2025-08-14 09:34:51,A010400170802,1,衣長與描述不同，比例略顯短
A202508120022,2025-08-15 01:23:46,A010400170104,1,想參與較晚開始的行銷活動
A202508200026,2025-08-29 00:06:08,A010100050703,1,肩寬與表格偏差，穿著不夠合身
A202508140028,2025-08-16 01:43:55,A010200060202,1,有破洞
A202508150065,2025-08-23 05:30:51,A010100050902,2,版型偏直筒，腰身不如官圖
A202508030077,2025-08-11 00:58:21,A010300130603,1,布面微起粒感，質感與描述不同
A202508030077,2025-08-12 00:58:21,A010400200902,1,肩寬與表格偏差，活動略受限
A202508030077,2025-08-12 00:58:21,A010300140302,1,尺寸或顏色錯發，請協助處理
A202508030073,2025-08-11 22:02:57,A010100041003,1,顏色偏灰，與頁面示意不一致
A202508030073,2025-08-04 22:02:57,A010300120204,1,想參與較晚開始的行銷活動
A202508080031,2025-08-16 12:51:57,A010200080703,1,版型不好看
A202508090014,2025-08-16 10:42:00,A010300130103,1,內裡蓬度不足，支撐感不夠
A202508090014,2025-08-17 10:42:00,A010100030204,1,材質粗糙，穿得不舒服，質感不如預期
A202508060104,2025-08-07 12:27:48,A010300150304,1,車線走位不直，細節呈現不一致
A202508170043,2025-08-27 21:48:46,A010400160704,1,尺寸或顏色錯發，請協助處理
A202508110003,2025-08-21 13:39:49,A010400180904,1,肩寬與表格偏差，穿著略緊
A202508110003,2025-08-17 13:39:49,A010100030204,3,內裡壓線不平，穿著觸感不佳
A202508200065,2025-08-27 23:58:28,A010200080604,1,拉鍊滑順度普通，偶有頓點
A202508200065,2025-08-23 23:58:28,A010200080703,1,褲長需再修，實際比例不如預期
A202508200065,2025-08-28 23:58:28,A010200080702,3,版型偏小，要買大一號
A202508200065,2025-08-29 23:58:28,A010300110902,2,顏色偏黃一階，與頁面示意不一致
A202508010014,2025-08-10 21:43:19,A010400180103,2,衣長略長，比例與預期不同
A202508060048,2025-08-13 02:29:32,A010400200904,1,肩寬與表格偏差，活動略受限
A202508010028,2025-08-09 10:23:08,A010400160603,1,布料挺度不足，撐度略顯不足
A202508010026,2025-08-07 18:36:26,A010200080604,1,版型不修身，梨型身材看起來很腫
A202508040028,2025-08-14 13:08:57,A010400200403,1,尺寸或顏色錯發，請協助處理
A202508040028,2025-08-05 13:08:57,A010100030202,2,收到商品有異味
A202508040028,2025-08-06 13:08:57,A010100030403,1,材質粗糙，穿得不舒服，質感不如預期
A202508080062,2025-08-18 15:48:10,A010400180302,2,外箱受壓變形，摺痕較為明顯
A202508080062,2025-08-10 15:48:10,A010100040104,1,袖子不同長，左邊比右邊長3公分
A202508180066,2025-08-27 13:14:21,A010300130104,2,下擺收邊不齊，近看較為明顯
A202508180066,2025-08-27 13:14:21,A010200090303,1,布面有色點，近看較為明顯
A202508040024,2025-08-13 04:29:45,A010100031002,2,收到商品有異味
A202508190081,2025-08-23 23:50:14,A010100050104,1,門襟車線略歪，近看較為明顯
A202508120005,2025-08-22 17:02:59,A010200070304,1,側邊有脫線
A202508120036,2025-08-18 07:08:49,A010100020404,2,顏色偏黃一階，與頁面示意不一致
A202508120036,2025-08-19 07:08:49,A010100040303,1,想參與較晚開始的行銷活動
A202508120036,2025-08-17 07:08:49,A010300150703,1,釦子固定鬆動，需要更換處理
A202508120036,2025-08-17 07:08:49,A010300120203,1,收到商品有異味
A202508040001,2025-08-11 07:07:05,A010300150702,1,顏色較暗，與商品圖片落差較大
A202508040001,2025-08-14 07:07:05,A010200060204,2,想參與較晚開始的行銷活動
A202508140080,2025-08-23 03:11:55,A010400170103,3,顏色較暗，與商品圖片落差較大
A202508140080,2025-08-15 03:11:55,A010300120803,2,拉鍊滑順度不足，穿脫不夠順暢
A202508140080,2025-08-22 03:11:55,A010300120202,1,內裡配置不足，貼身感偏明顯
A202508020088,2025-08-12 17:30:47,A010300120804,1,拉鍊滑順度不足，穿脫不夠順暢
A202508120042,2025-08-20 04:17:47,A010200061003,1,口袋車線有問題
A202508080060,2025-08-11 11:31:02,A010300150504,1,內裡蓬度不足，正式感不足
A202508080060,2025-08-13 11:31:02,A010400160902,1,車線走位不直，近看較為明顯
A202508120086,2025-08-15 22:33:23,A010300120203,2,版型不若官圖俐落，線條略鈍
A202508120086,2025-08-20 22:33:23,A010300130202,3,內裡蓬度不足，支撐感不夠
A202508120086,2025-08-14 22:33:23,A010300140303,2,版型不適合
A202508080067,2025-08-10 16:24:37,A010400170803,2,釦子固定鬆動，需要更換處理
A202508070001,2025-08-17 06:46:02,A010200091003,2,布面有色點，近看較為明顯
A202508070001,2025-08-15 06:46:02,A010200060203,1,褲長與標示差距，比例不如預期
A202508150025,2025-08-18 13:12:34,A010300150703,2,車線走位不直，細節呈現不一致
A202508040009,2025-08-09 06:04:29,A010400170104,2,包裝緩衝不足，摺痕較為明顯
A202508040009,2025-08-11 06:04:29,A010300110903,1,下擺收邊不齊，近看較為明顯
A202508040009,2025-08-14 06:04:29,A010400191004,1,袖口收邊不齊，做工細節影響感受
A202508040009,2025-08-13 06:04:29,A010400190502,1,肩線位置偏高，版型不夠放鬆
